METRIC_ID,AGENT_ID,DEALER_ID,METRIC_DATE,TOTAL_CALLS,CONNECTED_CALLS,APPOINTMENTS_SET,VOICEMAILS_LEFT,AVG_HANDLE_TIME_SECONDS,TOTAL_TALK_TIME_SECONDS,CONVERSION_RATE,AVG_CALL_SCORE,CREATED_AT
MET000001,AGT001,DLR001,2024-01-01,39,25,18,11,348,13572,0.484,87,2024-01-01
MET000002,AGT002,DLR001,2024-01-01,19,11,2,4,121,2299,0.128,49,2024-01-01
MET000003,AGT003,DLR001,2024-01-01,29,17,9,6,236,6844,0.341,57,2024-01-01
MET000004,AGT004,DLR001,2024-01-01,52,29,21,11,325,16900,0.412,84,2024-01-01
MET000005,AGT005,DLR001,2024-01-01,20,11,2,4,121,2420,0.124,49,2024-01-01
MET000006,AGT006,DLR001,2024-01-01,23,14,2,5,91,2093,0.126,53,2024-01-01
MET000007,AGT007,DLR002,2024-01-01,27,18,8,5,190,5130,0.327,57,2024-01-01
MET000008,AGT008,DLR002,2024-01-01,32,21,10,7,237,7584,0.325,65,2024-01-01
MET000009,AGT009,DLR002,2024-01-01,37,21,10,9,220,8140,0.272,62,2024-01-01
MET000010,AGT010,DLR002,2024-01-01,39,23,18,10,306,11934,0.472,90,2024-01-01
MET000011,AGT011,DLR002,2024-01-01,28,15,7,7,126,3528,0.273,80,2024-01-01
MET000012,AGT012,DLR002,2024-01-01,28,18,4,7,76,2128,0.174,36,2024-01-01
MET000013,AGT013,DLR003,2024-01-01,26,18,3,5,60,1560,0.116,38,2024-01-01
MET000014,AGT014,DLR003,2024-01-01,29,16,7,6,141,4089,0.257,67,2024-01-01
MET000015,AGT015,DLR003,2024-01-01,41,24,16,11,323,13243,0.403,97,2024-01-01
MET000016,AGT016,DLR003,2024-01-01,35,23,9,8,187,6545,0.27,79,2024-01-01
MET000017,AGT017,DLR003,2024-01-01,31,20,8,8,200,6200,0.288,72,2024-01-01
MET000018,AGT018,DLR003,2024-01-01,54,37,26,13,262,14148,0.486,90,2024-01-01
MET000019,AGT019,DLR004,2024-01-01,27,17,9,5,232,6264,0.336,64,2024-01-01
MET000020,AGT020,DLR004,2024-01-01,32,21,10,7,176,5632,0.321,77,2024-01-01
MET000021,AGT021,DLR004,2024-01-01,35,21,14,8,215,7525,0.425,88,2024-01-01
MET000022,AGT022,DLR004,2024-01-01,37,24,10,7,202,7474,0.296,77,2024-01-01
MET000023,AGT023,DLR004,2024-01-01,48,32,21,11,353,16944,0.453,97,2024-01-01
MET000024,AGT024,DLR004,2024-01-01,28,19,8,8,232,6496,0.29,64,2024-01-01
MET000025,AGT025,DLR005,2024-01-01,39,26,11,9,218,8502,0.287,73,2024-01-01
MET000026,AGT026,DLR005,2024-01-01,44,27,21,10,297,13068,0.487,95,2024-01-01
MET000027,AGT027,DLR005,2024-01-01,16,10,1,3,130,2080,0.104,31,2024-01-01
MET000028,AGT028,DLR005,2024-01-01,28,16,7,8,182,5096,0.256,67,2024-01-01
MET000029,AGT029,DLR005,2024-01-01,38,23,12,10,121,4598,0.322,55,2024-01-01
MET000030,AGT030,DLR005,2024-01-01,39,26,10,10,169,6591,0.281,72,2024-01-01
MET000031,AGT001,DLR001,2024-01-02,39,24,17,8,284,11076,0.458,93,2024-01-02
MET000032,AGT002,DLR001,2024-01-02,18,11,3,4,104,1872,0.198,35,2024-01-02
MET000033,AGT003,DLR001,2024-01-02,29,19,8,6,191,5539,0.293,77,2024-01-02
MET000034,AGT004,DLR001,2024-01-02,42,29,19,11,300,12600,0.466,90,2024-01-02
MET000035,AGT005,DLR001,2024-01-02,25,15,4,5,89,2225,0.176,54,2024-01-02
MET000036,AGT006,DLR001,2024-01-02,16,8,1,3,105,1680,0.119,59,2024-01-02
MET000037,AGT007,DLR002,2024-01-02,37,21,12,9,147,5439,0.345,70,2024-01-02
MET000038,AGT008,DLR002,2024-01-02,39,24,12,8,160,6240,0.324,58,2024-01-02
MET000039,AGT009,DLR002,2024-01-02,28,16,9,8,151,4228,0.34,72,2024-01-02
MET000040,AGT010,DLR002,2024-01-02,50,35,23,10,199,9950,0.478,100,2024-01-02
MET000041,AGT011,DLR002,2024-01-02,28,16,8,8,187,5236,0.321,79,2024-01-02
MET000042,AGT012,DLR002,2024-01-02,15,9,1,3,124,1860,0.115,44,2024-01-02
MET000043,AGT013,DLR003,2024-01-02,23,15,3,6,65,1495,0.169,48,2024-01-02
MET000044,AGT014,DLR003,2024-01-02,32,19,8,8,169,5408,0.258,76,2024-01-02
MET000045,AGT015,DLR003,2024-01-02,48,28,21,14,320,15360,0.455,93,2024-01-02
MET000046,AGT016,DLR003,2024-01-02,28,19,7,6,199,5572,0.259,77,2024-01-02
MET000047,AGT017,DLR003,2024-01-02,32,19,11,9,161,5152,0.349,65,2024-01-02
MET000048,AGT018,DLR003,2024-01-02,51,30,21,10,216,11016,0.419,88,2024-01-02
MET000049,AGT019,DLR004,2024-01-02,28,18,7,7,126,3528,0.255,74,2024-01-02
MET000050,AGT020,DLR004,2024-01-02,37,21,10,10,140,5180,0.297,76,2024-01-02
MET000051,AGT021,DLR004,2024-01-02,44,28,20,12,355,15620,0.461,95,2024-01-02
MET000052,AGT022,DLR004,2024-01-02,30,20,9,8,192,5760,0.301,56,2024-01-02
MET000053,AGT023,DLR004,2024-01-02,43,26,18,10,231,9933,0.441,94,2024-01-02
MET000054,AGT024,DLR004,2024-01-02,38,25,10,7,186,7068,0.273,72,2024-01-02
MET000055,AGT025,DLR005,2024-01-02,29,19,9,8,189,5481,0.318,55,2024-01-02
MET000056,AGT026,DLR005,2024-01-02,54,32,23,13,296,15984,0.429,87,2024-01-02
MET000057,AGT027,DLR005,2024-01-02,23,13,3,6,131,3013,0.136,49,2024-01-02
MET000058,AGT028,DLR005,2024-01-02,35,24,9,7,127,4445,0.272,69,2024-01-02
MET000059,AGT029,DLR005,2024-01-02,25,14,7,6,135,3375,0.299,71,2024-01-02
MET000060,AGT030,DLR005,2024-01-02,28,18,8,7,122,3416,0.288,80,2024-01-02
MET000061,AGT001,DLR001,2024-01-03,45,27,21,11,243,10935,0.474,91,2024-01-03
MET000062,AGT002,DLR001,2024-01-03,18,10,2,3,126,2268,0.134,33,2024-01-03
MET000063,AGT003,DLR001,2024-01-03,28,17,9,8,209,5852,0.331,65,2024-01-03
MET000064,AGT004,DLR001,2024-01-03,39,27,16,8,333,12987,0.42,94,2024-01-03
MET000065,AGT005,DLR001,2024-01-03,23,14,4,6,102,2346,0.195,46,2024-01-03
MET000066,AGT006,DLR001,2024-01-03,27,17,2,6,121,3267,0.109,49,2024-01-03
MET000067,AGT007,DLR002,2024-01-03,34,20,8,8,138,4692,0.253,60,2024-01-03
MET000068,AGT008,DLR002,2024-01-03,37,25,9,7,181,6697,0.265,79,2024-01-03
MET000069,AGT009,DLR002,2024-01-03,36,25,9,10,224,8064,0.255,64,2024-01-03
MET000070,AGT010,DLR002,2024-01-03,51,30,22,13,185,9435,0.437,87,2024-01-03
MET000071,AGT011,DLR002,2024-01-03,33,18,10,8,178,5874,0.317,56,2024-01-03
MET000072,AGT012,DLR002,2024-01-03,21,11,3,4,146,3066,0.175,30,2024-01-03
MET000073,AGT013,DLR003,2024-01-03,27,18,5,5,94,2538,0.192,38,2024-01-03
MET000074,AGT014,DLR003,2024-01-03,27,17,6,7,151,4077,0.251,70,2024-01-03
MET000075,AGT015,DLR003,2024-01-03,37,25,15,8,213,7881,0.424,78,2024-01-03
MET000076,AGT016,DLR003,2024-01-03,36,25,9,10,129,4644,0.277,70,2024-01-03
MET000077,AGT017,DLR003,2024-01-03,29,16,7,6,235,6815,0.265,62,2024-01-03
MET000078,AGT018,DLR003,2024-01-03,44,27,19,12,207,9108,0.432,89,2024-01-03
MET000079,AGT019,DLR004,2024-01-03,26,16,7,7,238,6188,0.303,77,2024-01-03
MET000080,AGT020,DLR004,2024-01-03,32,18,9,6,165,5280,0.311,72,2024-01-03
MET000081,AGT021,DLR004,2024-01-03,41,28,19,8,217,8897,0.47,85,2024-01-03
MET000082,AGT022,DLR004,2024-01-03,27,17,6,6,199,5373,0.257,75,2024-01-03
MET000083,AGT023,DLR004,2024-01-03,37,25,16,9,199,7363,0.44,78,2024-01-03
MET000084,AGT024,DLR004,2024-01-03,31,21,10,7,204,6324,0.347,75,2024-01-03
MET000085,AGT025,DLR005,2024-01-03,37,24,12,8,140,5180,0.325,65,2024-01-03
MET000086,AGT026,DLR005,2024-01-03,44,24,21,12,201,8844,0.482,81,2024-01-03
MET000087,AGT027,DLR005,2024-01-03,16,10,2,4,88,1408,0.157,57,2024-01-03
MET000088,AGT028,DLR005,2024-01-03,25,16,8,6,231,5775,0.336,57,2024-01-03
MET000089,AGT029,DLR005,2024-01-03,36,24,12,10,167,6012,0.343,72,2024-01-03
MET000090,AGT030,DLR005,2024-01-03,29,18,9,7,160,4640,0.313,77,2024-01-03
MET000091,AGT001,DLR001,2024-01-04,49,33,23,13,182,8918,0.475,97,2024-01-04
MET000092,AGT002,DLR001,2024-01-04,17,10,3,4,113,1921,0.193,37,2024-01-04
MET000093,AGT003,DLR001,2024-01-04,29,18,8,6,178,5162,0.282,66,2024-01-04
MET000094,AGT004,DLR001,2024-01-04,47,26,19,13,350,16450,0.416,97,2024-01-04
MET000095,AGT005,DLR001,2024-01-04,20,11,2,5,102,2040,0.12,51,2024-01-04
MET000096,AGT006,DLR001,2024-01-04,26,14,4,5,73,1898,0.181,48,2024-01-04
MET000097,AGT007,DLR002,2024-01-04,29,17,7,7,147,4263,0.256,78,2024-01-04
MET000098,AGT008,DLR002,2024-01-04,38,21,12,9,200,7600,0.332,70,2024-01-04
MET000099,AGT009,DLR002,2024-01-04,33,22,10,8,156,5148,0.323,72,2024-01-04
MET000100,AGT010,DLR002,2024-01-04,36,25,18,7,314,11304,0.5,78,2024-01-04
MET000101,AGT011,DLR002,2024-01-04,35,22,9,8,125,4375,0.264,68,2024-01-04
MET000102,AGT012,DLR002,2024-01-04,20,13,2,4,65,1300,0.103,60,2024-01-04
MET000103,AGT013,DLR003,2024-01-04,25,17,3,7,89,2225,0.144,31,2024-01-04
MET000104,AGT014,DLR003,2024-01-04,25,16,8,7,151,3775,0.324,73,2024-01-04
MET000105,AGT015,DLR003,2024-01-04,40,28,17,9,278,11120,0.43,79,2024-01-04
MET000106,AGT016,DLR003,2024-01-04,28,16,9,8,229,6412,0.344,64,2024-01-04
MET000107,AGT017,DLR003,2024-01-04,26,17,8,5,200,5200,0.316,64,2024-01-04
MET000108,AGT018,DLR003,2024-01-04,48,30,21,10,256,12288,0.457,89,2024-01-04
MET000109,AGT019,DLR004,2024-01-04,29,16,7,8,165,4785,0.253,68,2024-01-04
MET000110,AGT020,DLR004,2024-01-04,27,17,8,6,128,3456,0.297,76,2024-01-04
MET000111,AGT021,DLR004,2024-01-04,37,22,14,9,213,7881,0.4,98,2024-01-04
MET000112,AGT022,DLR004,2024-01-04,34,20,9,9,136,4624,0.275,78,2024-01-04
MET000113,AGT023,DLR004,2024-01-04,47,33,19,10,271,12737,0.405,94,2024-01-04
MET000114,AGT024,DLR004,2024-01-04,29,17,7,7,157,4553,0.267,58,2024-01-04
MET000115,AGT025,DLR005,2024-01-04,28,17,9,6,209,5852,0.33,67,2024-01-04
MET000116,AGT026,DLR005,2024-01-04,45,27,18,10,274,12330,0.402,91,2024-01-04
MET000117,AGT027,DLR005,2024-01-04,21,13,2,5,60,1260,0.104,64,2024-01-04
MET000118,AGT028,DLR005,2024-01-04,35,20,11,8,123,4305,0.323,68,2024-01-04
MET000119,AGT029,DLR005,2024-01-04,38,25,9,7,187,7106,0.253,71,2024-01-04
MET000120,AGT030,DLR005,2024-01-04,25,16,7,6,138,3450,0.314,57,2024-01-04
MET000121,AGT001,DLR001,2024-01-05,37,21,15,7,285,10545,0.427,81,2024-01-05
MET000122,AGT002,DLR001,2024-01-05,19,11,2,4,126,2394,0.117,37,2024-01-05
MET000123,AGT003,DLR001,2024-01-05,25,17,7,5,214,5350,0.292,55,2024-01-05
MET000124,AGT004,DLR001,2024-01-05,38,26,18,10,303,11514,0.474,90,2024-01-05
MET000125,AGT005,DLR001,2024-01-05,29,17,4,8,89,2581,0.148,47,2024-01-05
MET000126,AGT006,DLR001,2024-01-05,27,17,5,6,115,3105,0.193,42,2024-01-05
MET000127,AGT007,DLR002,2024-01-05,32,21,8,9,143,4576,0.273,66,2024-01-05
MET000128,AGT008,DLR002,2024-01-05,33,19,10,6,181,5973,0.317,61,2024-01-05
MET000129,AGT009,DLR002,2024-01-05,33,19,9,6,219,7227,0.293,58,2024-01-05
MET000130,AGT010,DLR002,2024-01-05,40,27,16,9,238,9520,0.419,85,2024-01-05
MET000131,AGT011,DLR002,2024-01-05,35,20,11,9,197,6895,0.341,70,2024-01-05
MET000132,AGT012,DLR002,2024-01-05,29,18,3,7,70,2030,0.123,63,2024-01-05
MET000133,AGT013,DLR003,2024-01-05,19,11,3,5,97,1843,0.199,38,2024-01-05
MET000134,AGT014,DLR003,2024-01-05,31,19,8,8,157,4867,0.277,59,2024-01-05
MET000135,AGT015,DLR003,2024-01-05,47,32,20,13,256,12032,0.444,94,2024-01-05
MET000136,AGT016,DLR003,2024-01-05,33,22,9,6,229,7557,0.274,69,2024-01-05
MET000137,AGT017,DLR003,2024-01-05,37,25,10,7,212,7844,0.284,62,2024-01-05
MET000138,AGT018,DLR003,2024-01-05,41,28,16,10,223,9143,0.4,76,2024-01-05
MET000139,AGT019,DLR004,2024-01-05,38,24,13,8,223,8474,0.346,70,2024-01-05
MET000140,AGT020,DLR004,2024-01-05,35,22,11,8,224,7840,0.318,73,2024-01-05
MET000141,AGT021,DLR004,2024-01-05,48,31,20,10,321,15408,0.433,83,2024-01-05
MET000142,AGT022,DLR004,2024-01-05,33,22,10,8,238,7854,0.328,57,2024-01-05
MET000143,AGT023,DLR004,2024-01-05,46,28,22,11,263,12098,0.498,88,2024-01-05
MET000144,AGT024,DLR004,2024-01-05,26,16,8,6,132,3432,0.334,66,2024-01-05
MET000145,AGT025,DLR005,2024-01-05,32,20,10,9,229,7328,0.337,63,2024-01-05
MET000146,AGT026,DLR005,2024-01-05,39,25,16,9,273,10647,0.412,85,2024-01-05
MET000147,AGT027,DLR005,2024-01-05,17,11,1,3,89,1513,0.113,34,2024-01-05
MET000148,AGT028,DLR005,2024-01-05,30,19,10,8,155,4650,0.341,78,2024-01-05
MET000149,AGT029,DLR005,2024-01-05,37,24,9,9,121,4477,0.261,57,2024-01-05
MET000150,AGT030,DLR005,2024-01-05,26,18,9,7,184,4784,0.347,70,2024-01-05
MET000151,AGT001,DLR001,2024-01-06,44,28,19,8,198,8712,0.444,100,2024-01-06
MET000152,AGT002,DLR001,2024-01-06,29,17,4,7,136,3944,0.143,40,2024-01-06
MET000153,AGT003,DLR001,2024-01-06,36,24,11,8,165,5940,0.312,75,2024-01-06
MET000154,AGT004,DLR001,2024-01-06,53,31,21,13,325,17225,0.409,94,2024-01-06
MET000155,AGT005,DLR001,2024-01-06,29,16,3,6,146,4234,0.117,52,2024-01-06
MET000156,AGT006,DLR001,2024-01-06,26,14,3,5,91,2366,0.129,61,2024-01-06
MET000157,AGT007,DLR002,2024-01-06,39,21,11,11,191,7449,0.291,65,2024-01-06
MET000158,AGT008,DLR002,2024-01-06,30,20,8,8,210,6300,0.286,78,2024-01-06
MET000159,AGT009,DLR002,2024-01-06,26,14,6,7,148,3848,0.268,77,2024-01-06
MET000160,AGT010,DLR002,2024-01-06,50,30,22,11,353,17650,0.454,100,2024-01-06
MET000161,AGT011,DLR002,2024-01-06,37,22,10,11,169,6253,0.281,74,2024-01-06
MET000162,AGT012,DLR002,2024-01-06,25,17,3,7,105,2625,0.148,45,2024-01-06
MET000163,AGT013,DLR003,2024-01-06,17,11,2,3,143,2431,0.137,55,2024-01-06
MET000164,AGT014,DLR003,2024-01-06,26,14,8,6,140,3640,0.326,55,2024-01-06
MET000165,AGT015,DLR003,2024-01-06,38,23,18,8,241,9158,0.494,89,2024-01-06
MET000166,AGT016,DLR003,2024-01-06,32,17,8,7,140,4480,0.257,57,2024-01-06
MET000167,AGT017,DLR003,2024-01-06,32,18,9,9,140,4480,0.296,65,2024-01-06
MET000168,AGT018,DLR003,2024-01-06,36,23,15,8,340,12240,0.437,79,2024-01-06
MET000169,AGT019,DLR004,2024-01-06,39,24,11,10,224,8736,0.283,73,2024-01-06
MET000170,AGT020,DLR004,2024-01-06,27,16,8,5,219,5913,0.312,74,2024-01-06
MET000171,AGT021,DLR004,2024-01-06,53,36,26,15,254,13462,0.492,88,2024-01-06
MET000172,AGT022,DLR004,2024-01-06,26,16,8,5,151,3926,0.326,78,2024-01-06
MET000173,AGT023,DLR004,2024-01-06,53,32,24,12,359,19027,0.454,92,2024-01-06
MET000174,AGT024,DLR004,2024-01-06,35,20,9,10,214,7490,0.276,63,2024-01-06
MET000175,AGT025,DLR005,2024-01-06,31,20,10,6,148,4588,0.348,61,2024-01-06
MET000176,AGT026,DLR005,2024-01-06,42,26,20,9,292,12264,0.495,90,2024-01-06
MET000177,AGT027,DLR005,2024-01-06,19,10,2,5,121,2299,0.144,55,2024-01-06
MET000178,AGT028,DLR005,2024-01-06,34,20,8,9,223,7582,0.255,61,2024-01-06
MET000179,AGT029,DLR005,2024-01-06,28,17,8,7,178,4984,0.296,68,2024-01-06
MET000180,AGT030,DLR005,2024-01-06,35,24,9,8,184,6440,0.276,76,2024-01-06
MET000181,AGT001,DLR001,2024-01-07,47,28,20,12,348,16356,0.433,84,2024-01-07
MET000182,AGT002,DLR001,2024-01-07,25,14,3,5,100,2500,0.13,41,2024-01-07
MET000183,AGT003,DLR001,2024-01-07,26,15,7,7,133,3458,0.28,80,2024-01-07
MET000184,AGT004,DLR001,2024-01-07,44,28,18,10,259,11396,0.431,98,2024-01-07
MET000185,AGT005,DLR001,2024-01-07,20,12,2,4,89,1780,0.116,40,2024-01-07
MET000186,AGT006,DLR001,2024-01-07,19,11,2,4,137,2603,0.125,53,2024-01-07
MET000187,AGT007,DLR002,2024-01-07,25,16,6,7,207,5175,0.26,65,2024-01-07
MET000188,AGT008,DLR002,2024-01-07,39,25,13,11,216,8424,0.343,70,2024-01-07
MET000189,AGT009,DLR002,2024-01-07,25,14,8,7,163,4075,0.334,80,2024-01-07
MET000190,AGT010,DLR002,2024-01-07,54,34,26,11,259,13986,0.499,90,2024-01-07
MET000191,AGT011,DLR002,2024-01-07,39,22,11,8,233,9087,0.291,58,2024-01-07
MET000192,AGT012,DLR002,2024-01-07,25,15,3,6,140,3500,0.124,60,2024-01-07
MET000193,AGT013,DLR003,2024-01-07,24,15,3,6,142,3408,0.143,47,2024-01-07
MET000194,AGT014,DLR003,2024-01-07,32,19,8,7,146,4672,0.278,63,2024-01-07
MET000195,AGT015,DLR003,2024-01-07,54,34,22,13,246,13284,0.409,83,2024-01-07
MET000196,AGT016,DLR003,2024-01-07,27,15,7,5,178,4806,0.292,69,2024-01-07
MET000197,AGT017,DLR003,2024-01-07,36,19,11,8,172,6192,0.311,62,2024-01-07
MET000198,AGT018,DLR003,2024-01-07,39,27,17,9,286,11154,0.442,91,2024-01-07
MET000199,AGT019,DLR004,2024-01-07,29,18,9,6,151,4379,0.318,64,2024-01-07
MET000200,AGT020,DLR004,2024-01-07,30,19,8,8,217,6510,0.285,75,2024-01-07
MET000201,AGT021,DLR004,2024-01-07,46,30,21,12,271,12466,0.461,92,2024-01-07
MET000202,AGT022,DLR004,2024-01-07,25,14,6,7,130,3250,0.271,59,2024-01-07
MET000203,AGT023,DLR004,2024-01-07,40,22,16,11,316,12640,0.422,75,2024-01-07
MET000204,AGT024,DLR004,2024-01-07,35,19,9,9,141,4935,0.282,75,2024-01-07
MET000205,AGT025,DLR005,2024-01-07,33,21,8,7,235,7755,0.272,56,2024-01-07
MET000206,AGT026,DLR005,2024-01-07,54,33,22,13,287,15498,0.417,99,2024-01-07
MET000207,AGT027,DLR005,2024-01-07,18,10,3,3,93,1674,0.17,36,2024-01-07
MET000208,AGT028,DLR005,2024-01-07,29,19,9,8,187,5423,0.325,80,2024-01-07
MET000209,AGT029,DLR005,2024-01-07,37,23,9,9,147,5439,0.262,62,2024-01-07
MET000210,AGT030,DLR005,2024-01-07,29,18,9,8,238,6902,0.312,77,2024-01-07
MET000211,AGT001,DLR001,2024-01-08,45,31,20,10,275,12375,0.462,93,2024-01-08
MET000212,AGT002,DLR001,2024-01-08,15,10,2,4,113,1695,0.194,33,2024-01-08
MET000213,AGT003,DLR001,2024-01-08,32,19,10,9,202,6464,0.316,80,2024-01-08
MET000214,AGT004,DLR001,2024-01-08,40,26,19,11,198,7920,0.484,94,2024-01-08
MET000215,AGT005,DLR001,2024-01-08,21,13,3,5,134,2814,0.155,58,2024-01-08
MET000216,AGT006,DLR001,2024-01-08,18,12,3,5,94,1692,0.191,48,2024-01-08
MET000217,AGT007,DLR002,2024-01-08,31,19,9,7,135,4185,0.307,58,2024-01-08
MET000218,AGT008,DLR002,2024-01-08,35,24,10,7,220,7700,0.286,62,2024-01-08
MET000219,AGT009,DLR002,2024-01-08,34,23,11,8,189,6426,0.335,68,2024-01-08
MET000220,AGT010,DLR002,2024-01-08,36,22,17,7,273,9828,0.484,95,2024-01-08
MET000221,AGT011,DLR002,2024-01-08,26,16,8,6,188,4888,0.339,70,2024-01-08
MET000222,AGT012,DLR002,2024-01-08,24,16,4,6,136,3264,0.181,34,2024-01-08
MET000223,AGT013,DLR003,2024-01-08,22,12,4,5,116,2552,0.189,45,2024-01-08
MET000224,AGT014,DLR003,2024-01-08,38,24,9,8,222,8436,0.263,63,2024-01-08
MET000225,AGT015,DLR003,2024-01-08,38,26,17,9,224,8512,0.458,97,2024-01-08
MET000226,AGT016,DLR003,2024-01-08,34,22,11,9,218,7412,0.329,66,2024-01-08
MET000227,AGT017,DLR003,2024-01-08,28,19,9,7,125,3500,0.344,73,2024-01-08
MET000228,AGT018,DLR003,2024-01-08,45,26,19,10,325,14625,0.426,86,2024-01-08
MET000229,AGT019,DLR004,2024-01-08,25,15,6,6,232,5800,0.259,78,2024-01-08
MET000230,AGT020,DLR004,2024-01-08,37,25,10,8,190,7030,0.279,75,2024-01-08
MET000231,AGT021,DLR004,2024-01-08,48,27,21,13,250,12000,0.445,85,2024-01-08
MET000232,AGT022,DLR004,2024-01-08,34,20,9,10,201,6834,0.289,60,2024-01-08
MET000233,AGT023,DLR004,2024-01-08,46,26,22,12,302,13892,0.483,98,2024-01-08
MET000234,AGT024,DLR004,2024-01-08,28,19,7,6,223,6244,0.269,79,2024-01-08
MET000235,AGT025,DLR005,2024-01-08,26,14,8,7,194,5044,0.345,59,2024-01-08
MET000236,AGT026,DLR005,2024-01-08,50,28,22,13,359,17950,0.446,98,2024-01-08
MET000237,AGT027,DLR005,2024-01-08,23,14,2,5,104,2392,0.109,38,2024-01-08
MET000238,AGT028,DLR005,2024-01-08,29,16,7,8,196,5684,0.273,63,2024-01-08
MET000239,AGT029,DLR005,2024-01-08,36,19,12,9,201,7236,0.34,71,2024-01-08
MET000240,AGT030,DLR005,2024-01-08,32,18,10,6,224,7168,0.336,73,2024-01-08
MET000241,AGT001,DLR001,2024-01-09,50,29,20,13,287,14350,0.412,84,2024-01-09
MET000242,AGT002,DLR001,2024-01-09,28,15,5,5,62,1736,0.18,38,2024-01-09
MET000243,AGT003,DLR001,2024-01-09,32,18,9,8,229,7328,0.288,56,2024-01-09
MET000244,AGT004,DLR001,2024-01-09,54,33,24,11,216,11664,0.447,84,2024-01-09
MET000245,AGT005,DLR001,2024-01-09,26,15,4,7,148,3848,0.178,60,2024-01-09
MET000246,AGT006,DLR001,2024-01-09,18,12,3,3,109,1962,0.196,52,2024-01-09
MET000247,AGT007,DLR002,2024-01-09,28,17,7,7,171,4788,0.263,73,2024-01-09
MET000248,AGT008,DLR002,2024-01-09,27,17,8,8,155,4185,0.318,67,2024-01-09
MET000249,AGT009,DLR002,2024-01-09,36,23,12,8,127,4572,0.339,57,2024-01-09
MET000250,AGT010,DLR002,2024-01-09,54,37,24,14,287,15498,0.462,90,2024-01-09
MET000251,AGT011,DLR002,2024-01-09,29,16,8,7,193,5597,0.283,63,2024-01-09
MET000252,AGT012,DLR002,2024-01-09,23,13,3,6,145,3335,0.143,52,2024-01-09
MET000253,AGT013,DLR003,2024-01-09,17,11,2,4,113,1921,0.135,32,2024-01-09
MET000254,AGT014,DLR003,2024-01-09,30,17,9,7,193,5790,0.311,64,2024-01-09
MET000255,AGT015,DLR003,2024-01-09,46,29,19,9,276,12696,0.421,81,2024-01-09
MET000256,AGT016,DLR003,2024-01-09,33,21,11,9,156,5148,0.345,77,2024-01-09
MET000257,AGT017,DLR003,2024-01-09,35,23,8,10,238,8330,0.255,60,2024-01-09
MET000258,AGT018,DLR003,2024-01-09,38,24,17,8,245,9310,0.45,91,2024-01-09
MET000259,AGT019,DLR004,2024-01-09,30,20,9,8,190,5700,0.324,80,2024-01-09
MET000260,AGT020,DLR004,2024-01-09,29,19,9,6,185,5365,0.342,79,2024-01-09
MET000261,AGT021,DLR004,2024-01-09,44,28,19,9,213,9372,0.451,83,2024-01-09
MET000262,AGT022,DLR004,2024-01-09,37,24,12,8,226,8362,0.325,62,2024-01-09
MET000263,AGT023,DLR004,2024-01-09,39,22,18,11,336,13104,0.467,84,2024-01-09
MET000264,AGT024,DLR004,2024-01-09,31,19,10,8,179,5549,0.334,67,2024-01-09
MET000265,AGT025,DLR005,2024-01-09,27,19,8,7,162,4374,0.321,73,2024-01-09
MET000266,AGT026,DLR005,2024-01-09,49,31,24,14,352,17248,0.495,84,2024-01-09
MET000267,AGT027,DLR005,2024-01-09,25,13,4,5,95,2375,0.173,48,2024-01-09
MET000268,AGT028,DLR005,2024-01-09,29,19,7,8,230,6670,0.259,55,2024-01-09
MET000269,AGT029,DLR005,2024-01-09,35,19,9,8,148,5180,0.268,60,2024-01-09
MET000270,AGT030,DLR005,2024-01-09,31,17,9,7,134,4154,0.317,71,2024-01-09
MET000271,AGT001,DLR001,2024-01-10,43,30,19,9,340,14620,0.447,85,2024-01-10
MET000272,AGT002,DLR001,2024-01-10,24,16,4,5,111,2664,0.175,43,2024-01-10
MET000273,AGT003,DLR001,2024-01-10,34,19,11,10,184,6256,0.34,74,2024-01-10
MET000274,AGT004,DLR001,2024-01-10,42,26,20,9,265,11130,0.477,96,2024-01-10
MET000275,AGT005,DLR001,2024-01-10,25,15,4,6,137,3425,0.165,35,2024-01-10
MET000276,AGT006,DLR001,2024-01-10,21,14,3,5,107,2247,0.182,62,2024-01-10
MET000277,AGT007,DLR002,2024-01-10,25,14,6,6,214,5350,0.257,71,2024-01-10
MET000278,AGT008,DLR002,2024-01-10,28,18,9,7,195,5460,0.33,64,2024-01-10
MET000279,AGT009,DLR002,2024-01-10,27,15,7,5,174,4698,0.264,72,2024-01-10
MET000280,AGT010,DLR002,2024-01-10,51,31,21,12,198,10098,0.418,85,2024-01-10
MET000281,AGT011,DLR002,2024-01-10,28,19,8,7,196,5488,0.315,63,2024-01-10
MET000282,AGT012,DLR002,2024-01-10,17,9,3,4,121,2057,0.178,57,2024-01-10
MET000283,AGT013,DLR003,2024-01-10,28,15,3,7,115,3220,0.135,50,2024-01-10
MET000284,AGT014,DLR003,2024-01-10,35,21,9,8,237,8295,0.275,67,2024-01-10
MET000285,AGT015,DLR003,2024-01-10,50,32,24,10,201,10050,0.488,85,2024-01-10
MET000286,AGT016,DLR003,2024-01-10,38,26,12,10,133,5054,0.323,78,2024-01-10
MET000287,AGT017,DLR003,2024-01-10,31,18,10,6,188,5828,0.331,73,2024-01-10
MET000288,AGT018,DLR003,2024-01-10,52,32,22,12,235,12220,0.428,95,2024-01-10
MET000289,AGT019,DLR004,2024-01-10,30,16,10,7,147,4410,0.339,75,2024-01-10
MET000290,AGT020,DLR004,2024-01-10,34,18,10,7,169,5746,0.306,75,2024-01-10
MET000291,AGT021,DLR004,2024-01-10,52,36,24,14,284,14768,0.471,100,2024-01-10
MET000292,AGT022,DLR004,2024-01-10,28,18,8,7,133,3724,0.31,56,2024-01-10
MET000293,AGT023,DLR004,2024-01-10,38,23,16,9,201,7638,0.429,99,2024-01-10
MET000294,AGT024,DLR004,2024-01-10,38,21,11,8,171,6498,0.3,60,2024-01-10
MET000295,AGT025,DLR005,2024-01-10,28,18,9,8,179,5012,0.336,68,2024-01-10
MET000296,AGT026,DLR005,2024-01-10,35,20,14,8,209,7315,0.418,100,2024-01-10
MET000297,AGT027,DLR005,2024-01-10,17,11,2,3,104,1768,0.157,34,2024-01-10
MET000298,AGT028,DLR005,2024-01-10,38,21,11,8,232,8816,0.295,79,2024-01-10
MET000299,AGT029,DLR005,2024-01-10,31,17,8,9,174,5394,0.278,72,2024-01-10
MET000300,AGT030,DLR005,2024-01-10,27,18,6,7,120,3240,0.256,70,2024-01-10
MET000301,AGT001,DLR001,2024-01-11,54,36,24,11,258,13932,0.459,80,2024-01-11
MET000302,AGT002,DLR001,2024-01-11,22,12,3,4,90,1980,0.163,47,2024-01-11
MET000303,AGT003,DLR001,2024-01-11,26,17,7,6,198,5148,0.301,64,2024-01-11
MET000304,AGT004,DLR001,2024-01-11,43,27,18,11,233,10019,0.436,96,2024-01-11
MET000305,AGT005,DLR001,2024-01-11,15,8,2,4,122,1830,0.157,36,2024-01-11
MET000306,AGT006,DLR001,2024-01-11,23,14,4,6,107,2461,0.174,60,2024-01-11
MET000307,AGT007,DLR002,2024-01-11,37,24,12,8,141,5217,0.327,74,2024-01-11
MET000308,AGT008,DLR002,2024-01-11,39,22,10,11,142,5538,0.278,80,2024-01-11
MET000309,AGT009,DLR002,2024-01-11,35,20,10,8,122,4270,0.299,69,2024-01-11
MET000310,AGT010,DLR002,2024-01-11,38,26,17,9,255,9690,0.46,90,2024-01-11
MET000311,AGT011,DLR002,2024-01-11,25,14,8,5,168,4200,0.336,73,2024-01-11
MET000312,AGT012,DLR002,2024-01-11,17,11,2,4,94,1598,0.167,37,2024-01-11
MET000313,AGT013,DLR003,2024-01-11,17,9,2,4,90,1530,0.143,33,2024-01-11
MET000314,AGT014,DLR003,2024-01-11,28,18,8,7,133,3724,0.304,79,2024-01-11
MET000315,AGT015,DLR003,2024-01-11,49,31,22,11,292,14308,0.465,79,2024-01-11
MET000316,AGT016,DLR003,2024-01-11,29,17,9,8,147,4263,0.332,71,2024-01-11
MET000317,AGT017,DLR003,2024-01-11,26,18,7,5,230,5980,0.305,66,2024-01-11
MET000318,AGT018,DLR003,2024-01-11,51,29,22,10,212,10812,0.447,81,2024-01-11
MET000319,AGT019,DLR004,2024-01-11,39,21,13,8,205,7995,0.342,67,2024-01-11
MET000320,AGT020,DLR004,2024-01-11,33,21,8,6,169,5577,0.272,60,2024-01-11
MET000321,AGT021,DLR004,2024-01-11,42,28,17,11,290,12180,0.408,80,2024-01-11
MET000322,AGT022,DLR004,2024-01-11,36,22,9,9,163,5868,0.267,77,2024-01-11
MET000323,AGT023,DLR004,2024-01-11,51,34,24,15,331,16881,0.486,90,2024-01-11
MET000324,AGT024,DLR004,2024-01-11,26,16,7,6,177,4602,0.276,71,2024-01-11
MET000325,AGT025,DLR005,2024-01-11,35,23,10,9,219,7665,0.294,78,2024-01-11
MET000326,AGT026,DLR005,2024-01-11,52,32,24,14,358,18616,0.475,92,2024-01-11
MET000327,AGT027,DLR005,2024-01-11,25,14,3,5,63,1575,0.126,60,2024-01-11
MET000328,AGT028,DLR005,2024-01-11,26,16,7,6,154,4004,0.289,77,2024-01-11
MET000329,AGT029,DLR005,2024-01-11,35,21,9,10,165,5775,0.274,70,2024-01-11
MET000330,AGT030,DLR005,2024-01-11,30,16,9,6,178,5340,0.301,62,2024-01-11
MET000331,AGT001,DLR001,2024-01-12,40,26,19,10,241,9640,0.484,87,2024-01-12
MET000332,AGT002,DLR001,2024-01-12,27,18,2,8,92,2484,0.109,64,2024-01-12
MET000333,AGT003,DLR001,2024-01-12,27,16,7,7,198,5346,0.26,62,2024-01-12
MET000334,AGT004,DLR001,2024-01-12,38,22,17,11,250,9500,0.456,79,2024-01-12
MET000335,AGT005,DLR001,2024-01-12,21,14,3,4,75,1575,0.148,34,2024-01-12
MET000336,AGT006,DLR001,2024-01-12,15,8,2,3,116,1740,0.177,63,2024-01-12
MET000337,AGT007,DLR002,2024-01-12,33,18,10,8,199,6567,0.309,60,2024-01-12
MET000338,AGT008,DLR002,2024-01-12,26,17,7,6,168,4368,0.29,73,2024-01-12
MET000339,AGT009,DLR002,2024-01-12,34,23,11,9,156,5304,0.347,72,2024-01-12
MET000340,AGT010,DLR002,2024-01-12,43,26,18,11,280,12040,0.429,95,2024-01-12
MET000341,AGT011,DLR002,2024-01-12,32,19,9,8,219,7008,0.309,79,2024-01-12
MET000342,AGT012,DLR002,2024-01-12,15,9,1,3,84,1260,0.103,54,2024-01-12
MET000343,AGT013,DLR003,2024-01-12,18,12,3,3,106,1908,0.2,37,2024-01-12
MET000344,AGT014,DLR003,2024-01-12,31,21,10,8,152,4712,0.338,76,2024-01-12
MET000345,AGT015,DLR003,2024-01-12,52,29,22,13,353,18356,0.435,100,2024-01-12
MET000346,AGT016,DLR003,2024-01-12,33,20,11,8,212,6996,0.348,69,2024-01-12
MET000347,AGT017,DLR003,2024-01-12,37,24,9,11,166,6142,0.255,74,2024-01-12
MET000348,AGT018,DLR003,2024-01-12,36,24,16,7,343,12348,0.455,84,2024-01-12
MET000349,AGT019,DLR004,2024-01-12,31,17,9,7,130,4030,0.305,67,2024-01-12
MET000350,AGT020,DLR004,2024-01-12,29,17,8,8,174,5046,0.282,75,2024-01-12
MET000351,AGT021,DLR004,2024-01-12,38,21,18,8,260,9880,0.483,99,2024-01-12
MET000352,AGT022,DLR004,2024-01-12,30,16,9,7,187,5610,0.323,63,2024-01-12
MET000353,AGT023,DLR004,2024-01-12,37,23,17,9,252,9324,0.473,92,2024-01-12
MET000354,AGT024,DLR004,2024-01-12,37,24,9,7,184,6808,0.264,68,2024-01-12
MET000355,AGT025,DLR005,2024-01-12,36,23,9,7,151,5436,0.251,63,2024-01-12
MET000356,AGT026,DLR005,2024-01-12,48,33,23,9,282,13536,0.499,78,2024-01-12
MET000357,AGT027,DLR005,2024-01-12,16,10,2,4,62,992,0.171,46,2024-01-12
MET000358,AGT028,DLR005,2024-01-12,29,18,9,7,147,4263,0.33,78,2024-01-12
MET000359,AGT029,DLR005,2024-01-12,26,18,7,7,132,3432,0.298,61,2024-01-12
MET000360,AGT030,DLR005,2024-01-12,31,17,10,8,131,4061,0.339,76,2024-01-12
MET000361,AGT001,DLR001,2024-01-13,35,24,14,8,346,12110,0.402,85,2024-01-13
MET000362,AGT002,DLR001,2024-01-13,16,10,2,4,93,1488,0.148,56,2024-01-13
MET000363,AGT003,DLR001,2024-01-13,39,24,11,11,202,7878,0.303,74,2024-01-13
MET000364,AGT004,DLR001,2024-01-13,43,25,17,10,234,10062,0.418,77,2024-01-13
MET000365,AGT005,DLR001,2024-01-13,18,12,3,4,89,1602,0.181,53,2024-01-13
MET000366,AGT006,DLR001,2024-01-13,19,10,1,4,108,2052,0.101,30,2024-01-13
MET000367,AGT007,DLR002,2024-01-13,30,20,10,8,192,5760,0.335,59,2024-01-13
MET000368,AGT008,DLR002,2024-01-13,25,14,6,6,135,3375,0.278,79,2024-01-13
MET000369,AGT009,DLR002,2024-01-13,36,23,9,8,195,7020,0.256,64,2024-01-13
MET000370,AGT010,DLR002,2024-01-13,35,21,17,8,220,7700,0.49,94,2024-01-13
MET000371,AGT011,DLR002,2024-01-13,39,25,12,9,123,4797,0.331,74,2024-01-13
MET000372,AGT012,DLR002,2024-01-13,21,13,3,5,114,2394,0.166,45,2024-01-13
MET000373,AGT013,DLR003,2024-01-13,22,12,2,4,63,1386,0.13,45,2024-01-13
MET000374,AGT014,DLR003,2024-01-13,35,23,10,9,152,5320,0.304,71,2024-01-13
MET000375,AGT015,DLR003,2024-01-13,46,31,20,13,265,12190,0.454,91,2024-01-13
MET000376,AGT016,DLR003,2024-01-13,26,18,9,5,130,3380,0.347,68,2024-01-13
MET000377,AGT017,DLR003,2024-01-13,35,24,10,8,156,5460,0.304,60,2024-01-13
MET000378,AGT018,DLR003,2024-01-13,45,29,19,13,235,10575,0.444,90,2024-01-13
MET000379,AGT019,DLR004,2024-01-13,35,19,10,8,133,4655,0.31,59,2024-01-13
MET000380,AGT020,DLR004,2024-01-13,37,22,12,11,159,5883,0.346,55,2024-01-13
MET000381,AGT021,DLR004,2024-01-13,54,30,22,12,265,14310,0.416,78,2024-01-13
MET000382,AGT022,DLR004,2024-01-13,31,20,8,8,179,5549,0.286,58,2024-01-13
MET000383,AGT023,DLR004,2024-01-13,51,32,23,14,185,9435,0.454,93,2024-01-13
MET000384,AGT024,DLR004,2024-01-13,36,24,10,9,185,6660,0.294,80,2024-01-13
MET000385,AGT025,DLR005,2024-01-13,29,19,9,8,237,6873,0.343,76,2024-01-13
MET000386,AGT026,DLR005,2024-01-13,44,25,20,12,334,14696,0.457,89,2024-01-13
MET000387,AGT027,DLR005,2024-01-13,19,12,3,4,103,1957,0.173,55,2024-01-13
MET000388,AGT028,DLR005,2024-01-13,31,19,10,8,135,4185,0.339,76,2024-01-13
MET000389,AGT029,DLR005,2024-01-13,26,15,8,7,230,5980,0.34,59,2024-01-13
MET000390,AGT030,DLR005,2024-01-13,29,17,9,6,153,4437,0.331,67,2024-01-13
MET000391,AGT001,DLR001,2024-01-14,35,22,15,9,186,6510,0.441,78,2024-01-14
MET000392,AGT002,DLR001,2024-01-14,17,11,3,3,128,2176,0.179,58,2024-01-14
MET000393,AGT003,DLR001,2024-01-14,39,26,12,9,237,9243,0.322,78,2024-01-14
MET000394,AGT004,DLR001,2024-01-14,48,28,21,12,191,9168,0.449,98,2024-01-14
MET000395,AGT005,DLR001,2024-01-14,23,15,4,5,146,3358,0.19,30,2024-01-14
MET000396,AGT006,DLR001,2024-01-14,27,16,3,6,68,1836,0.139,58,2024-01-14
MET000397,AGT007,DLR002,2024-01-14,37,26,10,9,188,6956,0.271,68,2024-01-14
MET000398,AGT008,DLR002,2024-01-14,39,23,12,11,215,8385,0.326,72,2024-01-14
MET000399,AGT009,DLR002,2024-01-14,37,26,9,7,211,7807,0.261,62,2024-01-14
MET000400,AGT010,DLR002,2024-01-14,52,35,24,13,226,11752,0.475,92,2024-01-14
MET000401,AGT011,DLR002,2024-01-14,33,22,9,8,209,6897,0.289,71,2024-01-14
MET000402,AGT012,DLR002,2024-01-14,26,15,2,5,142,3692,0.109,52,2024-01-14
MET000403,AGT013,DLR003,2024-01-14,21,12,3,4,131,2751,0.182,41,2024-01-14
MET000404,AGT014,DLR003,2024-01-14,27,14,8,6,233,6291,0.31,69,2024-01-14
MET000405,AGT015,DLR003,2024-01-14,53,29,22,10,312,16536,0.425,75,2024-01-14
MET000406,AGT016,DLR003,2024-01-14,31,20,8,6,126,3906,0.264,64,2024-01-14
MET000407,AGT017,DLR003,2024-01-14,34,23,10,9,193,6562,0.3,70,2024-01-14
MET000408,AGT018,DLR003,2024-01-14,46,31,21,12,229,10534,0.457,77,2024-01-14
MET000409,AGT019,DLR004,2024-01-14,39,26,12,11,188,7332,0.313,59,2024-01-14
MET000410,AGT020,DLR004,2024-01-14,37,22,11,9,132,4884,0.301,64,2024-01-14
MET000411,AGT021,DLR004,2024-01-14,53,35,26,12,219,11607,0.496,94,2024-01-14
MET000412,AGT022,DLR004,2024-01-14,26,17,7,5,131,3406,0.302,58,2024-01-14
MET000413,AGT023,DLR004,2024-01-14,47,28,21,13,203,9541,0.464,100,2024-01-14
MET000414,AGT024,DLR004,2024-01-14,39,26,9,11,198,7722,0.254,76,2024-01-14
MET000415,AGT025,DLR005,2024-01-14,27,16,7,5,194,5238,0.272,73,2024-01-14
MET000416,AGT026,DLR005,2024-01-14,46,29,19,11,217,9982,0.422,86,2024-01-14
MET000417,AGT027,DLR005,2024-01-14,26,16,2,7,137,3562,0.109,30,2024-01-14
MET000418,AGT028,DLR005,2024-01-14,34,21,10,8,157,5338,0.301,75,2024-01-14
MET000419,AGT029,DLR005,2024-01-14,31,18,9,7,152,4712,0.301,71,2024-01-14
MET000420,AGT030,DLR005,2024-01-14,29,20,7,7,204,5916,0.264,55,2024-01-14
MET000421,AGT001,DLR001,2024-01-15,39,24,16,10,235,9165,0.417,80,2024-01-15
MET000422,AGT002,DLR001,2024-01-15,20,11,3,5,94,1880,0.162,46,2024-01-15
MET000423,AGT003,DLR001,2024-01-15,39,26,11,8,208,8112,0.304,63,2024-01-15
MET000424,AGT004,DLR001,2024-01-15,54,30,22,15,223,12042,0.419,99,2024-01-15
MET000425,AGT005,DLR001,2024-01-15,15,8,1,3,106,1590,0.104,63,2024-01-15
MET000426,AGT006,DLR001,2024-01-15,22,14,2,4,136,2992,0.104,45,2024-01-15
MET000427,AGT007,DLR002,2024-01-15,39,22,12,9,195,7605,0.309,72,2024-01-15
MET000428,AGT008,DLR002,2024-01-15,30,20,8,6,166,4980,0.267,68,2024-01-15
MET000429,AGT009,DLR002,2024-01-15,34,20,9,9,156,5304,0.285,76,2024-01-15
MET000430,AGT010,DLR002,2024-01-15,35,23,14,9,294,10290,0.405,76,2024-01-15
MET000431,AGT011,DLR002,2024-01-15,35,19,12,9,128,4480,0.343,72,2024-01-15
MET000432,AGT012,DLR002,2024-01-15,28,16,4,7,137,3836,0.177,56,2024-01-15
MET000433,AGT013,DLR003,2024-01-15,27,15,3,5,99,2673,0.134,52,2024-01-15
MET000434,AGT014,DLR003,2024-01-15,37,21,12,9,157,5809,0.34,62,2024-01-15
MET000435,AGT015,DLR003,2024-01-15,54,36,24,15,202,10908,0.455,85,2024-01-15
MET000436,AGT016,DLR003,2024-01-15,26,15,8,6,174,4524,0.312,68,2024-01-15
MET000437,AGT017,DLR003,2024-01-15,25,14,8,6,185,4625,0.344,57,2024-01-15
MET000438,AGT018,DLR003,2024-01-15,51,35,23,15,198,10098,0.464,94,2024-01-15
MET000439,AGT019,DLR004,2024-01-15,39,24,11,8,170,6630,0.289,61,2024-01-15
MET000440,AGT020,DLR004,2024-01-15,26,17,7,5,146,3796,0.279,78,2024-01-15
MET000441,AGT021,DLR004,2024-01-15,49,32,21,14,192,9408,0.442,98,2024-01-15
MET000442,AGT022,DLR004,2024-01-15,31,20,8,7,191,5921,0.266,63,2024-01-15
MET000443,AGT023,DLR004,2024-01-15,36,23,17,9,312,11232,0.488,89,2024-01-15
MET000444,AGT024,DLR004,2024-01-15,30,17,8,6,235,7050,0.298,79,2024-01-15
MET000445,AGT025,DLR005,2024-01-15,26,18,7,5,204,5304,0.292,67,2024-01-15
MET000446,AGT026,DLR005,2024-01-15,54,37,24,15,350,18900,0.447,96,2024-01-15
MET000447,AGT027,DLR005,2024-01-15,23,16,3,5,60,1380,0.153,53,2024-01-15
MET000448,AGT028,DLR005,2024-01-15,35,20,9,7,160,5600,0.271,64,2024-01-15
MET000449,AGT029,DLR005,2024-01-15,33,18,10,7,221,7293,0.309,79,2024-01-15
MET000450,AGT030,DLR005,2024-01-15,38,26,9,10,185,7030,0.255,70,2024-01-15
MET000451,AGT001,DLR001,2024-01-16,42,23,19,8,297,12474,0.456,93,2024-01-16
MET000452,AGT002,DLR001,2024-01-16,18,12,1,4,63,1134,0.109,56,2024-01-16
MET000453,AGT003,DLR001,2024-01-16,37,25,12,8,158,5846,0.333,66,2024-01-16
MET000454,AGT004,DLR001,2024-01-16,46,27,21,13,321,14766,0.462,79,2024-01-16
MET000455,AGT005,DLR001,2024-01-16,19,12,2,5,103,1957,0.155,50,2024-01-16
MET000456,AGT006,DLR001,2024-01-16,19,11,2,5,62,1178,0.121,50,2024-01-16
MET000457,AGT007,DLR002,2024-01-16,32,21,8,8,151,4832,0.261,80,2024-01-16
MET000458,AGT008,DLR002,2024-01-16,36,24,10,9,234,8424,0.282,57,2024-01-16
MET000459,AGT009,DLR002,2024-01-16,39,25,12,8,164,6396,0.326,64,2024-01-16
MET000460,AGT010,DLR002,2024-01-16,46,27,22,10,217,9982,0.487,89,2024-01-16
MET000461,AGT011,DLR002,2024-01-16,26,16,7,6,202,5252,0.305,76,2024-01-16
MET000462,AGT012,DLR002,2024-01-16,16,11,2,3,78,1248,0.142,43,2024-01-16
MET000463,AGT013,DLR003,2024-01-16,24,14,2,5,84,2016,0.117,48,2024-01-16
MET000464,AGT014,DLR003,2024-01-16,27,16,7,6,145,3915,0.285,69,2024-01-16
MET000465,AGT015,DLR003,2024-01-16,54,38,22,14,280,15120,0.41,81,2024-01-16
MET000466,AGT016,DLR003,2024-01-16,31,19,9,8,197,6107,0.302,79,2024-01-16
MET000467,AGT017,DLR003,2024-01-16,28,16,7,6,180,5040,0.279,79,2024-01-16
MET000468,AGT018,DLR003,2024-01-16,37,24,15,8,270,9990,0.417,78,2024-01-16
MET000469,AGT019,DLR004,2024-01-16,25,15,8,7,147,3675,0.329,75,2024-01-16
MET000470,AGT020,DLR004,2024-01-16,27,14,7,7,188,5076,0.29,77,2024-01-16
MET000471,AGT021,DLR004,2024-01-16,44,26,21,10,283,12452,0.478,100,2024-01-16
MET000472,AGT022,DLR004,2024-01-16,29,16,8,8,122,3538,0.303,78,2024-01-16
MET000473,AGT023,DLR004,2024-01-16,52,32,24,11,336,17472,0.471,85,2024-01-16
MET000474,AGT024,DLR004,2024-01-16,29,17,7,6,236,6844,0.251,75,2024-01-16
MET000475,AGT025,DLR005,2024-01-16,27,17,7,6,235,6345,0.273,76,2024-01-16
MET000476,AGT026,DLR005,2024-01-16,42,25,17,9,314,13188,0.425,87,2024-01-16
MET000477,AGT027,DLR005,2024-01-16,15,10,2,4,135,2025,0.152,30,2024-01-16
MET000478,AGT028,DLR005,2024-01-16,27,15,6,7,159,4293,0.257,69,2024-01-16
MET000479,AGT029,DLR005,2024-01-16,33,20,10,8,124,4092,0.31,67,2024-01-16
MET000480,AGT030,DLR005,2024-01-16,38,25,9,8,126,4788,0.252,57,2024-01-16
MET000481,AGT001,DLR001,2024-01-17,36,19,16,10,292,10512,0.471,75,2024-01-17
MET000482,AGT002,DLR001,2024-01-17,18,11,3,4,121,2178,0.179,41,2024-01-17
MET000483,AGT003,DLR001,2024-01-17,28,17,7,7,231,6468,0.253,55,2024-01-17
MET000484,AGT004,DLR001,2024-01-17,51,31,23,12,254,12954,0.46,77,2024-01-17
MET000485,AGT005,DLR001,2024-01-17,16,10,1,3,73,1168,0.117,64,2024-01-17
MET000486,AGT006,DLR001,2024-01-17,20,13,3,5,95,1900,0.185,48,2024-01-17
MET000487,AGT007,DLR002,2024-01-17,26,17,8,5,157,4082,0.309,57,2024-01-17
MET000488,AGT008,DLR002,2024-01-17,25,14,6,7,156,3900,0.271,67,2024-01-17
MET000489,AGT009,DLR002,2024-01-17,27,15,8,6,204,5508,0.323,56,2024-01-17
MET000490,AGT010,DLR002,2024-01-17,35,24,14,7,346,12110,0.416,88,2024-01-17
MET000491,AGT011,DLR002,2024-01-17,38,26,13,10,155,5890,0.345,62,2024-01-17
MET000492,AGT012,DLR002,2024-01-17,21,11,2,6,111,2331,0.109,39,2024-01-17
MET000493,AGT013,DLR003,2024-01-17,23,13,2,4,70,1610,0.105,32,2024-01-17
MET000494,AGT014,DLR003,2024-01-17,32,18,8,8,208,6656,0.28,64,2024-01-17
MET000495,AGT015,DLR003,2024-01-17,45,31,20,10,265,11925,0.461,96,2024-01-17
MET000496,AGT016,DLR003,2024-01-17,27,18,7,7,120,3240,0.274,64,2024-01-17
MET000497,AGT017,DLR003,2024-01-17,30,18,8,6,171,5130,0.269,69,2024-01-17
MET000498,AGT018,DLR003,2024-01-17,46,30,19,9,295,13570,0.414,81,2024-01-17
MET000499,AGT019,DLR004,2024-01-17,34,23,9,8,174,5916,0.269,75,2024-01-17
MET000500,AGT020,DLR004,2024-01-17,25,14,6,6,129,3225,0.264,67,2024-01-17
MET000501,AGT021,DLR004,2024-01-17,47,27,22,13,206,9682,0.481,100,2024-01-17
MET000502,AGT022,DLR004,2024-01-17,27,17,8,7,154,4158,0.309,72,2024-01-17
MET000503,AGT023,DLR004,2024-01-17,52,35,24,14,356,18512,0.479,79,2024-01-17
MET000504,AGT024,DLR004,2024-01-17,37,22,11,10,174,6438,0.301,74,2024-01-17
MET000505,AGT025,DLR005,2024-01-17,37,23,10,10,208,7696,0.281,64,2024-01-17
MET000506,AGT026,DLR005,2024-01-17,46,32,22,9,248,11408,0.497,94,2024-01-17
MET000507,AGT027,DLR005,2024-01-17,19,13,2,4,73,1387,0.109,61,2024-01-17
MET000508,AGT028,DLR005,2024-01-17,25,15,7,6,156,3900,0.288,59,2024-01-17
MET000509,AGT029,DLR005,2024-01-17,25,15,7,7,182,4550,0.292,80,2024-01-17
MET000510,AGT030,DLR005,2024-01-17,38,26,12,8,166,6308,0.335,79,2024-01-17
MET000511,AGT001,DLR001,2024-01-18,50,32,23,12,324,16200,0.469,88,2024-01-18
MET000512,AGT002,DLR001,2024-01-18,16,11,1,4,86,1376,0.108,39,2024-01-18
MET000513,AGT003,DLR001,2024-01-18,28,17,7,7,142,3976,0.271,65,2024-01-18
MET000514,AGT004,DLR001,2024-01-18,38,24,18,11,292,11096,0.492,82,2024-01-18
MET000515,AGT005,DLR001,2024-01-18,23,14,2,5,107,2461,0.106,34,2024-01-18
MET000516,AGT006,DLR001,2024-01-18,20,11,2,4,140,2800,0.147,35,2024-01-18
MET000517,AGT007,DLR002,2024-01-18,39,27,13,11,151,5889,0.344,75,2024-01-18
MET000518,AGT008,DLR002,2024-01-18,35,22,11,10,236,8260,0.339,66,2024-01-18
MET000519,AGT009,DLR002,2024-01-18,37,26,12,7,149,5513,0.334,58,2024-01-18
MET000520,AGT010,DLR002,2024-01-18,50,29,21,12,310,15500,0.435,84,2024-01-18
MET000521,AGT011,DLR002,2024-01-18,34,19,10,7,175,5950,0.301,66,2024-01-18
MET000522,AGT012,DLR002,2024-01-18,24,16,4,5,113,2712,0.174,42,2024-01-18
MET000523,AGT013,DLR003,2024-01-18,18,12,1,5,102,1836,0.104,34,2024-01-18
MET000524,AGT014,DLR003,2024-01-18,36,20,10,7,148,5328,0.285,74,2024-01-18
MET000525,AGT015,DLR003,2024-01-18,44,25,20,12,322,14168,0.471,93,2024-01-18
MET000526,AGT016,DLR003,2024-01-18,27,15,7,5,214,5778,0.266,67,2024-01-18
MET000527,AGT017,DLR003,2024-01-18,29,16,9,6,197,5713,0.312,75,2024-01-18
MET000528,AGT018,DLR003,2024-01-18,37,21,15,10,285,10545,0.431,80,2024-01-18
MET000529,AGT019,DLR004,2024-01-18,31,17,9,9,122,3782,0.313,61,2024-01-18
MET000530,AGT020,DLR004,2024-01-18,31,20,8,6,218,6758,0.28,69,2024-01-18
MET000531,AGT021,DLR004,2024-01-18,36,21,14,7,307,11052,0.411,79,2024-01-18
MET000532,AGT022,DLR004,2024-01-18,29,18,7,7,239,6931,0.257,57,2024-01-18
MET000533,AGT023,DLR004,2024-01-18,53,33,24,10,199,10547,0.463,92,2024-01-18
MET000534,AGT024,DLR004,2024-01-18,34,19,9,8,143,4862,0.278,66,2024-01-18
MET000535,AGT025,DLR005,2024-01-18,32,21,10,6,134,4288,0.322,78,2024-01-18
MET000536,AGT026,DLR005,2024-01-18,43,25,20,10,257,11051,0.485,95,2024-01-18
MET000537,AGT027,DLR005,2024-01-18,24,13,4,5,100,2400,0.194,38,2024-01-18
MET000538,AGT028,DLR005,2024-01-18,28,16,8,6,221,6188,0.297,59,2024-01-18
MET000539,AGT029,DLR005,2024-01-18,35,21,10,10,230,8050,0.311,59,2024-01-18
MET000540,AGT030,DLR005,2024-01-18,29,18,10,7,157,4553,0.347,60,2024-01-18
MET000541,AGT001,DLR001,2024-01-19,47,30,20,12,340,15980,0.442,97,2024-01-19
MET000542,AGT002,DLR001,2024-01-19,17,10,2,4,84,1428,0.152,35,2024-01-19
MET000543,AGT003,DLR001,2024-01-19,33,18,8,9,134,4422,0.261,76,2024-01-19
MET000544,AGT004,DLR001,2024-01-19,35,20,16,8,312,10920,0.466,98,2024-01-19
MET000545,AGT005,DLR001,2024-01-19,22,15,2,6,134,2948,0.11,45,2024-01-19
MET000546,AGT006,DLR001,2024-01-19,27,17,4,7,74,1998,0.182,42,2024-01-19
MET000547,AGT007,DLR002,2024-01-19,36,24,9,9,138,4968,0.271,61,2024-01-19
MET000548,AGT008,DLR002,2024-01-19,34,22,9,8,170,5780,0.279,67,2024-01-19
MET000549,AGT009,DLR002,2024-01-19,39,21,12,9,190,7410,0.317,72,2024-01-19
MET000550,AGT010,DLR002,2024-01-19,35,22,17,7,270,9450,0.489,93,2024-01-19
MET000551,AGT011,DLR002,2024-01-19,34,20,9,8,138,4692,0.265,57,2024-01-19
MET000552,AGT012,DLR002,2024-01-19,23,16,3,5,117,2691,0.142,48,2024-01-19
MET000553,AGT013,DLR003,2024-01-19,27,17,3,7,124,3348,0.118,35,2024-01-19
MET000554,AGT014,DLR003,2024-01-19,32,22,9,8,127,4064,0.307,74,2024-01-19
MET000555,AGT015,DLR003,2024-01-19,37,20,16,10,234,8658,0.452,86,2024-01-19
MET000556,AGT016,DLR003,2024-01-19,30,18,8,7,161,4830,0.298,56,2024-01-19
MET000557,AGT017,DLR003,2024-01-19,35,24,9,7,204,7140,0.277,70,2024-01-19
MET000558,AGT018,DLR003,2024-01-19,52,36,24,11,323,16796,0.48,87,2024-01-19
MET000559,AGT019,DLR004,2024-01-19,34,23,10,9,124,4216,0.298,55,2024-01-19
MET000560,AGT020,DLR004,2024-01-19,27,18,9,5,215,5805,0.348,55,2024-01-19
MET000561,AGT021,DLR004,2024-01-19,42,25,17,12,330,13860,0.421,88,2024-01-19
MET000562,AGT022,DLR004,2024-01-19,28,17,7,5,231,6468,0.258,66,2024-01-19
MET000563,AGT023,DLR004,2024-01-19,42,27,20,8,333,13986,0.492,93,2024-01-19
MET000564,AGT024,DLR004,2024-01-19,30,18,8,8,147,4410,0.285,59,2024-01-19
MET000565,AGT025,DLR005,2024-01-19,34,20,11,6,225,7650,0.347,79,2024-01-19
MET000566,AGT026,DLR005,2024-01-19,51,32,22,11,271,13821,0.447,92,2024-01-19
MET000567,AGT027,DLR005,2024-01-19,19,10,2,5,81,1539,0.137,46,2024-01-19
MET000568,AGT028,DLR005,2024-01-19,39,26,10,8,227,8853,0.27,56,2024-01-19
MET000569,AGT029,DLR005,2024-01-19,35,24,11,7,143,5005,0.341,60,2024-01-19
MET000570,AGT030,DLR005,2024-01-19,25,17,6,6,222,5550,0.253,67,2024-01-19
MET000571,AGT001,DLR001,2024-01-20,45,27,19,12,290,13050,0.431,83,2024-01-20
MET000572,AGT002,DLR001,2024-01-20,20,13,3,4,101,2020,0.184,31,2024-01-20
MET000573,AGT003,DLR001,2024-01-20,34,20,9,9,141,4794,0.292,70,2024-01-20
MET000574,AGT004,DLR001,2024-01-20,38,24,17,8,247,9386,0.451,75,2024-01-20
MET000575,AGT005,DLR001,2024-01-20,17,11,1,5,96,1632,0.114,30,2024-01-20
MET000576,AGT006,DLR001,2024-01-20,24,15,3,5,113,2712,0.143,53,2024-01-20
MET000577,AGT007,DLR002,2024-01-20,31,18,9,8,191,5921,0.297,76,2024-01-20
MET000578,AGT008,DLR002,2024-01-20,37,23,10,10,154,5698,0.288,56,2024-01-20
MET000579,AGT009,DLR002,2024-01-20,39,25,9,9,188,7332,0.253,66,2024-01-20
MET000580,AGT010,DLR002,2024-01-20,49,29,23,11,198,9702,0.484,96,2024-01-20
MET000581,AGT011,DLR002,2024-01-20,34,21,9,9,228,7752,0.268,78,2024-01-20
MET000582,AGT012,DLR002,2024-01-20,25,16,2,7,133,3325,0.102,55,2024-01-20
MET000583,AGT013,DLR003,2024-01-20,24,14,4,6,127,3048,0.172,53,2024-01-20
MET000584,AGT014,DLR003,2024-01-20,34,21,11,7,155,5270,0.324,74,2024-01-20
MET000585,AGT015,DLR003,2024-01-20,41,27,19,9,228,9348,0.481,97,2024-01-20
MET000586,AGT016,DLR003,2024-01-20,29,17,9,8,201,5829,0.342,71,2024-01-20
MET000587,AGT017,DLR003,2024-01-20,32,22,10,9,123,3936,0.338,59,2024-01-20
MET000588,AGT018,DLR003,2024-01-20,53,29,25,11,200,10600,0.474,80,2024-01-20
MET000589,AGT019,DLR004,2024-01-20,33,21,10,8,232,7656,0.31,67,2024-01-20
MET000590,AGT020,DLR004,2024-01-20,35,23,8,8,159,5565,0.252,74,2024-01-20
MET000591,AGT021,DLR004,2024-01-20,36,25,16,8,326,11736,0.463,87,2024-01-20
MET000592,AGT022,DLR004,2024-01-20,34,19,9,9,152,5168,0.274,79,2024-01-20
MET000593,AGT023,DLR004,2024-01-20,37,20,15,8,273,10101,0.431,85,2024-01-20
MET000594,AGT024,DLR004,2024-01-20,34,21,10,7,152,5168,0.318,55,2024-01-20
MET000595,AGT025,DLR005,2024-01-20,39,27,13,10,160,6240,0.344,71,2024-01-20
MET000596,AGT026,DLR005,2024-01-20,48,30,22,10,200,9600,0.469,94,2024-01-20
MET000597,AGT027,DLR005,2024-01-20,20,12,2,5,123,2460,0.137,43,2024-01-20
MET000598,AGT028,DLR005,2024-01-20,38,21,10,7,189,7182,0.278,62,2024-01-20
MET000599,AGT029,DLR005,2024-01-20,30,16,7,8,132,3960,0.263,80,2024-01-20
MET000600,AGT030,DLR005,2024-01-20,34,22,9,8,138,4692,0.266,64,2024-01-20
MET000601,AGT001,DLR001,2024-01-21,40,27,16,9,350,14000,0.415,93,2024-01-21
MET000602,AGT002,DLR001,2024-01-21,26,15,4,5,126,3276,0.188,49,2024-01-21
MET000603,AGT003,DLR001,2024-01-21,33,20,9,6,126,4158,0.289,71,2024-01-21
MET000604,AGT004,DLR001,2024-01-21,46,32,18,13,319,14674,0.404,79,2024-01-21
MET000605,AGT005,DLR001,2024-01-21,28,18,2,7,99,2772,0.101,35,2024-01-21
MET000606,AGT006,DLR001,2024-01-21,16,9,2,3,136,2176,0.163,43,2024-01-21
MET000607,AGT007,DLR002,2024-01-21,29,17,9,8,149,4321,0.315,75,2024-01-21
MET000608,AGT008,DLR002,2024-01-21,25,14,8,6,121,3025,0.332,79,2024-01-21
MET000609,AGT009,DLR002,2024-01-21,29,20,9,6,180,5220,0.315,63,2024-01-21
MET000610,AGT010,DLR002,2024-01-21,54,30,21,12,319,17226,0.406,91,2024-01-21
MET000611,AGT011,DLR002,2024-01-21,32,20,10,7,239,7648,0.333,67,2024-01-21
MET000612,AGT012,DLR002,2024-01-21,19,13,3,5,146,2774,0.173,58,2024-01-21
MET000613,AGT013,DLR003,2024-01-21,21,12,3,6,111,2331,0.155,58,2024-01-21
MET000614,AGT014,DLR003,2024-01-21,31,18,9,8,196,6076,0.32,67,2024-01-21
MET000615,AGT015,DLR003,2024-01-21,40,23,16,8,315,12600,0.404,91,2024-01-21
MET000616,AGT016,DLR003,2024-01-21,32,18,8,8,165,5280,0.259,79,2024-01-21
MET000617,AGT017,DLR003,2024-01-21,36,22,10,8,236,8496,0.295,63,2024-01-21
MET000618,AGT018,DLR003,2024-01-21,43,24,17,10,260,11180,0.418,89,2024-01-21
MET000619,AGT019,DLR004,2024-01-21,30,21,9,7,154,4620,0.332,76,2024-01-21
MET000620,AGT020,DLR004,2024-01-21,30,16,9,6,206,6180,0.315,60,2024-01-21
MET000621,AGT021,DLR004,2024-01-21,39,24,17,11,339,13221,0.437,90,2024-01-21
MET000622,AGT022,DLR004,2024-01-21,35,23,11,9,150,5250,0.317,68,2024-01-21
MET000623,AGT023,DLR004,2024-01-21,51,30,22,10,248,12648,0.447,84,2024-01-21
MET000624,AGT024,DLR004,2024-01-21,26,17,7,7,157,4082,0.272,60,2024-01-21
MET000625,AGT025,DLR005,2024-01-21,36,23,9,7,174,6264,0.264,76,2024-01-21
MET000626,AGT026,DLR005,2024-01-21,43,28,20,12,220,9460,0.475,85,2024-01-21
MET000627,AGT027,DLR005,2024-01-21,29,18,4,8,128,3712,0.152,49,2024-01-21
MET000628,AGT028,DLR005,2024-01-21,39,25,9,9,231,9009,0.252,74,2024-01-21
MET000629,AGT029,DLR005,2024-01-21,38,22,10,9,225,8550,0.278,69,2024-01-21
MET000630,AGT030,DLR005,2024-01-21,37,23,11,11,157,5809,0.312,65,2024-01-21
MET000631,AGT001,DLR001,2024-01-22,38,23,17,11,257,9766,0.466,97,2024-01-22
MET000632,AGT002,DLR001,2024-01-22,16,8,2,3,70,1120,0.137,64,2024-01-22
MET000633,AGT003,DLR001,2024-01-22,29,17,9,6,236,6844,0.339,58,2024-01-22
MET000634,AGT004,DLR001,2024-01-22,53,32,26,15,345,18285,0.499,99,2024-01-22
MET000635,AGT005,DLR001,2024-01-22,22,14,2,4,128,2816,0.133,35,2024-01-22
MET000636,AGT006,DLR001,2024-01-22,15,9,2,3,64,960,0.148,56,2024-01-22
MET000637,AGT007,DLR002,2024-01-22,33,21,9,9,135,4455,0.284,69,2024-01-22
MET000638,AGT008,DLR002,2024-01-22,28,17,8,6,135,3780,0.317,67,2024-01-22
MET000639,AGT009,DLR002,2024-01-22,26,17,8,7,216,5616,0.334,68,2024-01-22
MET000640,AGT010,DLR002,2024-01-22,47,29,21,10,302,14194,0.451,92,2024-01-22
MET000641,AGT011,DLR002,2024-01-22,34,23,10,9,208,7072,0.3,61,2024-01-22
MET000642,AGT012,DLR002,2024-01-22,25,15,4,7,105,2625,0.185,65,2024-01-22
MET000643,AGT013,DLR003,2024-01-22,16,10,2,4,114,1824,0.162,48,2024-01-22
MET000644,AGT014,DLR003,2024-01-22,32,22,10,6,148,4736,0.327,68,2024-01-22
MET000645,AGT015,DLR003,2024-01-22,50,29,20,10,321,16050,0.415,97,2024-01-22
MET000646,AGT016,DLR003,2024-01-22,29,19,10,7,191,5539,0.345,60,2024-01-22
MET000647,AGT017,DLR003,2024-01-22,32,21,10,7,231,7392,0.333,80,2024-01-22
MET000648,AGT018,DLR003,2024-01-22,35,20,15,7,220,7700,0.441,79,2024-01-22
MET000649,AGT019,DLR004,2024-01-22,31,17,9,6,174,5394,0.299,77,2024-01-22
MET000650,AGT020,DLR004,2024-01-22,25,14,8,7,138,3450,0.346,76,2024-01-22
MET000651,AGT021,DLR004,2024-01-22,44,26,18,10,315,13860,0.415,94,2024-01-22
MET000652,AGT022,DLR004,2024-01-22,39,25,10,9,222,8658,0.275,68,2024-01-22
MET000653,AGT023,DLR004,2024-01-22,42,27,16,8,257,10794,0.401,90,2024-01-22
MET000654,AGT024,DLR004,2024-01-22,31,18,10,8,124,3844,0.327,62,2024-01-22
MET000655,AGT025,DLR005,2024-01-22,32,20,11,6,188,6016,0.347,58,2024-01-22
MET000656,AGT026,DLR005,2024-01-22,41,27,19,8,231,9471,0.482,85,2024-01-22
MET000657,AGT027,DLR005,2024-01-22,17,9,2,4,62,1054,0.135,50,2024-01-22
MET000658,AGT028,DLR005,2024-01-22,27,15,6,5,166,4482,0.25,57,2024-01-22
MET000659,AGT029,DLR005,2024-01-22,34,22,11,7,217,7378,0.33,65,2024-01-22
MET000660,AGT030,DLR005,2024-01-22,31,20,9,7,162,5022,0.319,55,2024-01-22
MET000661,AGT001,DLR001,2024-01-23,37,21,16,8,221,8177,0.436,84,2024-01-23
MET000662,AGT002,DLR001,2024-01-23,20,14,2,4,121,2420,0.144,36,2024-01-23
MET000663,AGT003,DLR001,2024-01-23,28,18,8,8,185,5180,0.3,62,2024-01-23
MET000664,AGT004,DLR001,2024-01-23,44,28,20,12,228,10032,0.467,78,2024-01-23
MET000665,AGT005,DLR001,2024-01-23,19,12,2,4,87,1653,0.135,55,2024-01-23
MET000666,AGT006,DLR001,2024-01-23,27,15,5,7,106,2862,0.197,40,2024-01-23
MET000667,AGT007,DLR002,2024-01-23,28,15,7,6,169,4732,0.284,56,2024-01-23
MET000668,AGT008,DLR002,2024-01-23,25,13,8,6,141,3525,0.338,61,2024-01-23
MET000669,AGT009,DLR002,2024-01-23,33,19,10,9,147,4851,0.323,79,2024-01-23
MET000670,AGT010,DLR002,2024-01-23,35,24,14,9,195,6825,0.427,100,2024-01-23
MET000671,AGT011,DLR002,2024-01-23,25,14,7,6,123,3075,0.286,70,2024-01-23
MET000672,AGT012,DLR002,2024-01-23,26,16,2,7,82,2132,0.104,60,2024-01-23
MET000673,AGT013,DLR003,2024-01-23,27,16,4,7,60,1620,0.184,39,2024-01-23
MET000674,AGT014,DLR003,2024-01-23,38,20,9,10,177,6726,0.261,66,2024-01-23
MET000675,AGT015,DLR003,2024-01-23,44,30,20,10,236,10384,0.469,89,2024-01-23
MET000676,AGT016,DLR003,2024-01-23,32,18,8,9,143,4576,0.257,71,2024-01-23
MET000677,AGT017,DLR003,2024-01-23,38,25,12,10,131,4978,0.341,68,2024-01-23
MET000678,AGT018,DLR003,2024-01-23,50,32,22,11,182,9100,0.457,95,2024-01-23
MET000679,AGT019,DLR004,2024-01-23,34,19,8,7,144,4896,0.252,65,2024-01-23
MET000680,AGT020,DLR004,2024-01-23,28,18,7,6,166,4648,0.278,58,2024-01-23
MET000681,AGT021,DLR004,2024-01-23,52,35,25,11,236,12272,0.493,76,2024-01-23
MET000682,AGT022,DLR004,2024-01-23,35,21,10,8,196,6860,0.307,57,2024-01-23
MET000683,AGT023,DLR004,2024-01-23,53,29,23,14,193,10229,0.442,98,2024-01-23
MET000684,AGT024,DLR004,2024-01-23,26,17,8,7,198,5148,0.327,68,2024-01-23
MET000685,AGT025,DLR005,2024-01-23,27,18,8,6,211,5697,0.312,65,2024-01-23
MET000686,AGT026,DLR005,2024-01-23,41,24,18,8,228,9348,0.44,77,2024-01-23
MET000687,AGT027,DLR005,2024-01-23,19,10,3,5,131,2489,0.173,51,2024-01-23
MET000688,AGT028,DLR005,2024-01-23,34,22,9,8,222,7548,0.294,60,2024-01-23
MET000689,AGT029,DLR005,2024-01-23,37,23,10,9,200,7400,0.275,60,2024-01-23
MET000690,AGT030,DLR005,2024-01-23,32,19,11,9,211,6752,0.349,73,2024-01-23
MET000691,AGT001,DLR001,2024-01-24,52,29,22,11,183,9516,0.442,86,2024-01-24
MET000692,AGT002,DLR001,2024-01-24,16,8,3,3,131,2096,0.188,42,2024-01-24
MET000693,AGT003,DLR001,2024-01-24,34,21,11,6,213,7242,0.341,55,2024-01-24
MET000694,AGT004,DLR001,2024-01-24,50,31,23,12,268,13400,0.471,86,2024-01-24
MET000695,AGT005,DLR001,2024-01-24,15,9,2,4,73,1095,0.182,43,2024-01-24
MET000696,AGT006,DLR001,2024-01-24,24,15,2,6,78,1872,0.121,60,2024-01-24
MET000697,AGT007,DLR002,2024-01-24,25,17,6,7,229,5725,0.264,56,2024-01-24
MET000698,AGT008,DLR002,2024-01-24,30,17,9,6,164,4920,0.303,55,2024-01-24
MET000699,AGT009,DLR002,2024-01-24,36,20,10,8,183,6588,0.297,56,2024-01-24
MET000700,AGT010,DLR002,2024-01-24,44,24,19,9,257,11308,0.438,84,2024-01-24
MET000701,AGT011,DLR002,2024-01-24,30,20,10,6,130,3900,0.34,62,2024-01-24
MET000702,AGT012,DLR002,2024-01-24,21,11,2,4,66,1386,0.13,61,2024-01-24
MET000703,AGT013,DLR003,2024-01-24,24,16,4,6,71,1704,0.193,55,2024-01-24
MET000704,AGT014,DLR003,2024-01-24,34,19,9,10,158,5372,0.27,76,2024-01-24
MET000705,AGT015,DLR003,2024-01-24,40,26,17,11,339,13560,0.443,76,2024-01-24
MET000706,AGT016,DLR003,2024-01-24,29,19,8,8,165,4785,0.292,68,2024-01-24
MET000707,AGT017,DLR003,2024-01-24,32,22,9,9,188,6016,0.287,67,2024-01-24
MET000708,AGT018,DLR003,2024-01-24,48,28,21,11,347,16656,0.44,97,2024-01-24
MET000709,AGT019,DLR004,2024-01-24,37,20,12,8,182,6734,0.326,77,2024-01-24
MET000710,AGT020,DLR004,2024-01-24,30,18,8,7,187,5610,0.272,65,2024-01-24
MET000711,AGT021,DLR004,2024-01-24,41,28,16,11,227,9307,0.406,81,2024-01-24
MET000712,AGT022,DLR004,2024-01-24,37,23,10,8,208,7696,0.277,80,2024-01-24
MET000713,AGT023,DLR004,2024-01-24,35,20,17,7,354,12390,0.487,80,2024-01-24
MET000714,AGT024,DLR004,2024-01-24,33,20,11,7,219,7227,0.349,79,2024-01-24
MET000715,AGT025,DLR005,2024-01-24,28,15,9,7,128,3584,0.323,55,2024-01-24
MET000716,AGT026,DLR005,2024-01-24,50,34,24,10,350,17500,0.49,99,2024-01-24
MET000717,AGT027,DLR005,2024-01-24,26,17,3,5,119,3094,0.15,33,2024-01-24
MET000718,AGT028,DLR005,2024-01-24,34,23,8,9,226,7684,0.258,80,2024-01-24
MET000719,AGT029,DLR005,2024-01-24,35,23,10,10,159,5565,0.298,66,2024-01-24
MET000720,AGT030,DLR005,2024-01-24,30,16,9,7,133,3990,0.324,61,2024-01-24
MET000721,AGT001,DLR001,2024-01-25,54,32,22,12,299,16146,0.422,90,2024-01-25
MET000722,AGT002,DLR001,2024-01-25,26,18,4,6,84,2184,0.18,52,2024-01-25
MET000723,AGT003,DLR001,2024-01-25,36,25,9,7,170,6120,0.27,62,2024-01-25
MET000724,AGT004,DLR001,2024-01-25,38,21,17,10,222,8436,0.454,89,2024-01-25
MET000725,AGT005,DLR001,2024-01-25,24,14,3,6,142,3408,0.166,56,2024-01-25
MET000726,AGT006,DLR001,2024-01-25,23,14,4,4,120,2760,0.178,57,2024-01-25
MET000727,AGT007,DLR002,2024-01-25,32,22,9,8,149,4768,0.31,73,2024-01-25
MET000728,AGT008,DLR002,2024-01-25,36,24,12,9,142,5112,0.342,74,2024-01-25
MET000729,AGT009,DLR002,2024-01-25,29,17,7,8,216,6264,0.263,64,2024-01-25
MET000730,AGT010,DLR002,2024-01-25,35,21,16,9,310,10850,0.47,87,2024-01-25
MET000731,AGT011,DLR002,2024-01-25,27,18,8,6,230,6210,0.298,79,2024-01-25
MET000732,AGT012,DLR002,2024-01-25,27,18,4,5,82,2214,0.16,64,2024-01-25
MET000733,AGT013,DLR003,2024-01-25,18,10,2,3,126,2268,0.151,47,2024-01-25
MET000734,AGT014,DLR003,2024-01-25,35,20,8,8,136,4760,0.253,57,2024-01-25
MET000735,AGT015,DLR003,2024-01-25,39,22,17,10,295,11505,0.438,89,2024-01-25
MET000736,AGT016,DLR003,2024-01-25,34,20,9,9,191,6494,0.294,65,2024-01-25
MET000737,AGT017,DLR003,2024-01-25,38,26,12,10,206,7828,0.322,64,2024-01-25
MET000738,AGT018,DLR003,2024-01-25,51,31,25,10,326,16626,0.494,99,2024-01-25
MET000739,AGT019,DLR004,2024-01-25,31,20,8,7,190,5890,0.271,58,2024-01-25
MET000740,AGT020,DLR004,2024-01-25,32,20,10,9,173,5536,0.318,60,2024-01-25
MET000741,AGT021,DLR004,2024-01-25,41,22,17,8,194,7954,0.418,93,2024-01-25
MET000742,AGT022,DLR004,2024-01-25,28,17,7,5,195,5460,0.27,70,2024-01-25
MET000743,AGT023,DLR004,2024-01-25,38,24,15,10,347,13186,0.41,86,2024-01-25
MET000744,AGT024,DLR004,2024-01-25,35,20,10,7,147,5145,0.297,58,2024-01-25
MET000745,AGT025,DLR005,2024-01-25,35,21,9,8,230,8050,0.271,55,2024-01-25
MET000746,AGT026,DLR005,2024-01-25,40,22,19,10,312,12480,0.496,90,2024-01-25
MET000747,AGT027,DLR005,2024-01-25,27,15,4,5,123,3321,0.185,30,2024-01-25
MET000748,AGT028,DLR005,2024-01-25,38,21,10,10,183,6954,0.278,57,2024-01-25
MET000749,AGT029,DLR005,2024-01-25,28,16,8,6,182,5096,0.316,70,2024-01-25
MET000750,AGT030,DLR005,2024-01-25,30,18,7,6,178,5340,0.256,71,2024-01-25
MET000751,AGT001,DLR001,2024-01-26,43,30,18,11,324,13932,0.43,80,2024-01-26
MET000752,AGT002,DLR001,2024-01-26,18,12,2,4,103,1854,0.122,46,2024-01-26
MET000753,AGT003,DLR001,2024-01-26,30,16,8,7,192,5760,0.285,65,2024-01-26
MET000754,AGT004,DLR001,2024-01-26,44,29,19,9,272,11968,0.441,82,2024-01-26
MET000755,AGT005,DLR001,2024-01-26,22,15,3,4,63,1386,0.143,49,2024-01-26
MET000756,AGT006,DLR001,2024-01-26,15,8,1,3,110,1650,0.103,33,2024-01-26
MET000757,AGT007,DLR002,2024-01-26,36,22,9,7,220,7920,0.255,76,2024-01-26
MET000758,AGT008,DLR002,2024-01-26,37,20,11,7,148,5476,0.301,74,2024-01-26
MET000759,AGT009,DLR002,2024-01-26,26,16,8,6,232,6032,0.324,78,2024-01-26
MET000760,AGT010,DLR002,2024-01-26,46,26,19,11,356,16376,0.432,87,2024-01-26
MET000761,AGT011,DLR002,2024-01-26,25,14,6,5,162,4050,0.277,61,2024-01-26
MET000762,AGT012,DLR002,2024-01-26,26,15,2,6,85,2210,0.113,53,2024-01-26
MET000763,AGT013,DLR003,2024-01-26,19,11,3,5,105,1995,0.188,57,2024-01-26
MET000764,AGT014,DLR003,2024-01-26,35,21,9,7,152,5320,0.264,71,2024-01-26
MET000765,AGT015,DLR003,2024-01-26,46,29,20,13,319,14674,0.445,76,2024-01-26
MET000766,AGT016,DLR003,2024-01-26,29,16,7,8,238,6902,0.25,69,2024-01-26
MET000767,AGT017,DLR003,2024-01-26,37,24,12,10,223,8251,0.347,75,2024-01-26
MET000768,AGT018,DLR003,2024-01-26,48,26,19,9,344,16512,0.407,92,2024-01-26
MET000769,AGT019,DLR004,2024-01-26,38,25,10,9,122,4636,0.268,73,2024-01-26
MET000770,AGT020,DLR004,2024-01-26,26,17,6,5,198,5148,0.259,62,2024-01-26
MET000771,AGT021,DLR004,2024-01-26,54,30,23,15,271,14634,0.426,91,2024-01-26
MET000772,AGT022,DLR004,2024-01-26,31,19,8,8,215,6665,0.264,63,2024-01-26
MET000773,AGT023,DLR004,2024-01-26,46,31,18,11,193,8878,0.402,80,2024-01-26
MET000774,AGT024,DLR004,2024-01-26,28,16,7,6,220,6160,0.252,55,2024-01-26
MET000775,AGT025,DLR005,2024-01-26,30,18,10,8,139,4170,0.343,79,2024-01-26
MET000776,AGT026,DLR005,2024-01-26,36,19,15,8,214,7704,0.43,91,2024-01-26
MET000777,AGT027,DLR005,2024-01-26,21,14,3,5,127,2667,0.165,38,2024-01-26
MET000778,AGT028,DLR005,2024-01-26,32,21,8,6,215,6880,0.252,71,2024-01-26
MET000779,AGT029,DLR005,2024-01-26,33,18,9,6,201,6633,0.282,62,2024-01-26
MET000780,AGT030,DLR005,2024-01-26,29,16,9,6,183,5307,0.316,72,2024-01-26
MET000781,AGT001,DLR001,2024-01-27,44,25,17,9,324,14256,0.401,75,2024-01-27
MET000782,AGT002,DLR001,2024-01-27,18,11,3,5,127,2286,0.181,50,2024-01-27
MET000783,AGT003,DLR001,2024-01-27,25,14,7,5,211,5275,0.291,78,2024-01-27
MET000784,AGT004,DLR001,2024-01-27,35,19,17,9,281,9835,0.491,93,2024-01-27
MET000785,AGT005,DLR001,2024-01-27,21,14,3,5,133,2793,0.166,39,2024-01-27
MET000786,AGT006,DLR001,2024-01-27,26,16,3,6,84,2184,0.117,61,2024-01-27
MET000787,AGT007,DLR002,2024-01-27,35,20,9,9,182,6370,0.272,66,2024-01-27
MET000788,AGT008,DLR002,2024-01-27,30,17,7,8,217,6510,0.265,74,2024-01-27
MET000789,AGT009,DLR002,2024-01-27,26,16,6,6,135,3510,0.268,75,2024-01-27
MET000790,AGT010,DLR002,2024-01-27,35,22,14,9,245,8575,0.418,100,2024-01-27
MET000791,AGT011,DLR002,2024-01-27,38,26,10,8,208,7904,0.282,65,2024-01-27
MET000792,AGT012,DLR002,2024-01-27,21,14,3,6,130,2730,0.166,47,2024-01-27
MET000793,AGT013,DLR003,2024-01-27,27,16,5,6,99,2673,0.197,51,2024-01-27
MET000794,AGT014,DLR003,2024-01-27,33,21,11,8,183,6039,0.339,70,2024-01-27
MET000795,AGT015,DLR003,2024-01-27,46,31,23,13,329,15134,0.5,84,2024-01-27
MET000796,AGT016,DLR003,2024-01-27,28,19,7,8,158,4424,0.253,61,2024-01-27
MET000797,AGT017,DLR003,2024-01-27,39,23,11,8,232,9048,0.299,64,2024-01-27
MET000798,AGT018,DLR003,2024-01-27,51,28,24,12,233,11883,0.475,77,2024-01-27
MET000799,AGT019,DLR004,2024-01-27,37,25,10,10,158,5846,0.278,69,2024-01-27
MET000800,AGT020,DLR004,2024-01-27,32,22,8,6,129,4128,0.258,56,2024-01-27
MET000801,AGT021,DLR004,2024-01-27,43,26,20,10,258,11094,0.466,82,2024-01-27
MET000802,AGT022,DLR004,2024-01-27,28,18,8,6,128,3584,0.295,57,2024-01-27
MET000803,AGT023,DLR004,2024-01-27,50,28,21,12,223,11150,0.425,80,2024-01-27
MET000804,AGT024,DLR004,2024-01-27,26,15,8,5,173,4498,0.319,63,2024-01-27
MET000805,AGT025,DLR005,2024-01-27,29,17,9,8,206,5974,0.341,57,2024-01-27
MET000806,AGT026,DLR005,2024-01-27,40,24,17,8,223,8920,0.441,82,2024-01-27
MET000807,AGT027,DLR005,2024-01-27,25,16,4,5,142,3550,0.195,32,2024-01-27
MET000808,AGT028,DLR005,2024-01-27,39,23,12,9,174,6786,0.332,72,2024-01-27
MET000809,AGT029,DLR005,2024-01-27,30,17,10,8,150,4500,0.34,76,2024-01-27
MET000810,AGT030,DLR005,2024-01-27,29,16,10,6,193,5597,0.347,70,2024-01-27
MET000811,AGT001,DLR001,2024-01-28,38,23,18,8,327,12426,0.48,87,2024-01-28
MET000812,AGT002,DLR001,2024-01-28,16,10,1,4,65,1040,0.111,33,2024-01-28
MET000813,AGT003,DLR001,2024-01-28,27,15,8,6,187,5049,0.312,64,2024-01-28
MET000814,AGT004,DLR001,2024-01-28,41,22,16,9,356,14596,0.411,98,2024-01-28
MET000815,AGT005,DLR001,2024-01-28,20,13,3,4,111,2220,0.183,57,2024-01-28
MET000816,AGT006,DLR001,2024-01-28,21,12,4,4,120,2520,0.2,39,2024-01-28
MET000817,AGT007,DLR002,2024-01-28,33,19,9,9,148,4884,0.294,79,2024-01-28
MET000818,AGT008,DLR002,2024-01-28,26,15,8,5,138,3588,0.341,72,2024-01-28
MET000819,AGT009,DLR002,2024-01-28,34,21,10,7,148,5032,0.302,76,2024-01-28
MET000820,AGT010,DLR002,2024-01-28,37,21,16,9,248,9176,0.433,100,2024-01-28
MET000821,AGT011,DLR002,2024-01-28,30,18,9,6,210,6300,0.301,66,2024-01-28
MET000822,AGT012,DLR002,2024-01-28,29,15,3,7,100,2900,0.104,43,2024-01-28
MET000823,AGT013,DLR003,2024-01-28,18,11,2,4,108,1944,0.127,31,2024-01-28
MET000824,AGT014,DLR003,2024-01-28,32,17,10,8,146,4672,0.318,73,2024-01-28
MET000825,AGT015,DLR003,2024-01-28,42,27,20,12,294,12348,0.49,80,2024-01-28
MET000826,AGT016,DLR003,2024-01-28,26,17,8,6,207,5382,0.328,71,2024-01-28
MET000827,AGT017,DLR003,2024-01-28,32,22,8,9,169,5408,0.271,77,2024-01-28
MET000828,AGT018,DLR003,2024-01-28,43,26,18,11,186,7998,0.42,93,2024-01-28
MET000829,AGT019,DLR004,2024-01-28,39,25,10,9,184,7176,0.271,72,2024-01-28
MET000830,AGT020,DLR004,2024-01-28,33,19,8,9,142,4686,0.251,58,2024-01-28
MET000831,AGT021,DLR004,2024-01-28,42,26,17,10,252,10584,0.405,87,2024-01-28
MET000832,AGT022,DLR004,2024-01-28,28,19,9,7,185,5180,0.327,56,2024-01-28
MET000833,AGT023,DLR004,2024-01-28,37,25,18,8,276,10212,0.491,76,2024-01-28
MET000834,AGT024,DLR004,2024-01-28,34,23,10,7,153,5202,0.296,78,2024-01-28
MET000835,AGT025,DLR005,2024-01-28,27,15,8,5,157,4239,0.306,62,2024-01-28
MET000836,AGT026,DLR005,2024-01-28,45,28,21,9,206,9270,0.487,81,2024-01-28
MET000837,AGT027,DLR005,2024-01-28,29,17,3,7,107,3103,0.12,60,2024-01-28
MET000838,AGT028,DLR005,2024-01-28,29,17,9,8,219,6351,0.316,64,2024-01-28
MET000839,AGT029,DLR005,2024-01-28,27,15,8,7,197,5319,0.303,80,2024-01-28
MET000840,AGT030,DLR005,2024-01-28,33,23,9,8,226,7458,0.279,70,2024-01-28
MET000841,AGT001,DLR001,2024-01-29,49,29,23,13,197,9653,0.482,76,2024-01-29
MET000842,AGT002,DLR001,2024-01-29,20,14,2,4,99,1980,0.148,52,2024-01-29
MET000843,AGT003,DLR001,2024-01-29,33,21,8,8,154,5082,0.271,76,2024-01-29
MET000844,AGT004,DLR001,2024-01-29,41,26,20,11,347,14227,0.489,93,2024-01-29
MET000845,AGT005,DLR001,2024-01-29,22,12,3,4,147,3234,0.145,48,2024-01-29
MET000846,AGT006,DLR001,2024-01-29,22,14,3,4,67,1474,0.169,49,2024-01-29
MET000847,AGT007,DLR002,2024-01-29,35,24,9,10,223,7805,0.26,65,2024-01-29
MET000848,AGT008,DLR002,2024-01-29,37,24,9,9,233,8621,0.255,57,2024-01-29
MET000849,AGT009,DLR002,2024-01-29,26,17,6,7,128,3328,0.255,70,2024-01-29
MET000850,AGT010,DLR002,2024-01-29,53,37,24,14,285,15105,0.457,94,2024-01-29
MET000851,AGT011,DLR002,2024-01-29,39,24,12,8,173,6747,0.325,77,2024-01-29
MET000852,AGT012,DLR002,2024-01-29,27,18,3,6,90,2430,0.148,48,2024-01-29
MET000853,AGT013,DLR003,2024-01-29,21,12,3,4,124,2604,0.179,31,2024-01-29
MET000854,AGT014,DLR003,2024-01-29,39,23,10,9,209,8151,0.277,66,2024-01-29
MET000855,AGT015,DLR003,2024-01-29,43,30,20,8,335,14405,0.474,75,2024-01-29
MET000856,AGT016,DLR003,2024-01-29,37,22,12,7,166,6142,0.341,69,2024-01-29
MET000857,AGT017,DLR003,2024-01-29,28,17,7,5,148,4144,0.266,66,2024-01-29
MET000858,AGT018,DLR003,2024-01-29,39,27,15,11,358,13962,0.41,78,2024-01-29
MET000859,AGT019,DLR004,2024-01-29,35,22,11,8,166,5810,0.319,78,2024-01-29
MET000860,AGT020,DLR004,2024-01-29,34,19,10,7,169,5746,0.319,73,2024-01-29
MET000861,AGT021,DLR004,2024-01-29,36,21,17,10,243,8748,0.481,98,2024-01-29
MET000862,AGT022,DLR004,2024-01-29,29,19,8,6,138,4002,0.286,70,2024-01-29
MET000863,AGT023,DLR004,2024-01-29,49,32,20,11,318,15582,0.419,93,2024-01-29
MET000864,AGT024,DLR004,2024-01-29,31,17,9,8,149,4619,0.317,63,2024-01-29
MET000865,AGT025,DLR005,2024-01-29,26,15,7,5,208,5408,0.307,65,2024-01-29
MET000866,AGT026,DLR005,2024-01-29,43,28,19,8,225,9675,0.447,96,2024-01-29
MET000867,AGT027,DLR005,2024-01-29,19,11,2,5,104,1976,0.124,60,2024-01-29
MET000868,AGT028,DLR005,2024-01-29,33,18,8,8,236,7788,0.257,67,2024-01-29
MET000869,AGT029,DLR005,2024-01-29,39,25,11,7,146,5694,0.296,56,2024-01-29
MET000870,AGT030,DLR005,2024-01-29,31,18,10,6,141,4371,0.349,68,2024-01-29
MET000871,AGT001,DLR001,2024-01-30,46,31,20,12,187,8602,0.436,94,2024-01-30
MET000872,AGT002,DLR001,2024-01-30,24,14,4,6,87,2088,0.199,53,2024-01-30
MET000873,AGT003,DLR001,2024-01-30,36,25,11,9,174,6264,0.308,77,2024-01-30
MET000874,AGT004,DLR001,2024-01-30,45,24,18,9,347,15615,0.412,94,2024-01-30
MET000875,AGT005,DLR001,2024-01-30,28,19,4,6,109,3052,0.167,50,2024-01-30
MET000876,AGT006,DLR001,2024-01-30,25,13,2,5,132,3300,0.112,60,2024-01-30
MET000877,AGT007,DLR002,2024-01-30,27,17,8,7,164,4428,0.313,65,2024-01-30
MET000878,AGT008,DLR002,2024-01-30,32,20,10,7,163,5216,0.313,76,2024-01-30
MET000879,AGT009,DLR002,2024-01-30,29,17,9,6,166,4814,0.341,73,2024-01-30
MET000880,AGT010,DLR002,2024-01-30,46,27,21,13,336,15456,0.474,77,2024-01-30
MET000881,AGT011,DLR002,2024-01-30,25,16,7,6,157,3925,0.284,61,2024-01-30
MET000882,AGT012,DLR002,2024-01-30,19,12,3,4,100,1900,0.173,50,2024-01-30
MET000883,AGT013,DLR003,2024-01-30,19,11,3,5,108,2052,0.168,34,2024-01-30
MET000884,AGT014,DLR003,2024-01-30,39,21,10,10,146,5694,0.271,57,2024-01-30
MET000885,AGT015,DLR003,2024-01-30,46,28,18,11,281,12926,0.405,96,2024-01-30
MET000886,AGT016,DLR003,2024-01-30,35,21,8,9,159,5565,0.253,63,2024-01-30
MET000887,AGT017,DLR003,2024-01-30,36,23,9,9,120,4320,0.25,73,2024-01-30
MET000888,AGT018,DLR003,2024-01-30,39,21,18,11,305,11895,0.486,86,2024-01-30
MET000889,AGT019,DLR004,2024-01-30,35,19,9,7,131,4585,0.273,61,2024-01-30
MET000890,AGT020,DLR004,2024-01-30,27,16,9,6,125,3375,0.339,60,2024-01-30
MET000891,AGT021,DLR004,2024-01-30,53,36,24,11,232,12296,0.456,86,2024-01-30
MET000892,AGT022,DLR004,2024-01-30,33,20,9,8,193,6369,0.29,57,2024-01-30
MET000893,AGT023,DLR004,2024-01-30,41,28,17,9,187,7667,0.42,87,2024-01-30
MET000894,AGT024,DLR004,2024-01-30,30,20,9,7,177,5310,0.327,62,2024-01-30
MET000895,AGT025,DLR005,2024-01-30,38,25,11,8,239,9082,0.315,55,2024-01-30
MET000896,AGT026,DLR005,2024-01-30,48,32,22,10,324,15552,0.464,88,2024-01-30
MET000897,AGT027,DLR005,2024-01-30,24,16,4,4,119,2856,0.189,56,2024-01-30
MET000898,AGT028,DLR005,2024-01-30,29,16,8,6,139,4031,0.29,65,2024-01-30
MET000899,AGT029,DLR005,2024-01-30,29,16,9,7,162,4698,0.334,71,2024-01-30
MET000900,AGT030,DLR005,2024-01-30,27,18,8,5,215,5805,0.317,61,2024-01-30
